used_script_digital;used_script_physical;used_textbook;used_guideline;used_anki;used_custom_anki;used_moodle_quiz;used_moodle_task;used_other;elearning_inclination;helpful_script;helpful_video;helpful_streaming;helpful_contact_event;helpful_task;helpful_quiz;helpful_anki;helpful_anki_custom;helpful_all_equally;prefer_online;used_anki_general;helpful_anki_general;anki_usage;anki_used_in_semester;anki_used_for_exam;anki_used_special;anki_used_other;anki_on_pc;anki_on_laptop;anki_on_tablet;anki_on_mobile;not_used_no_time;not_used_not_interested;not_used_sufficient_material;not_used_long_installation;not_used_unaware;not_used_custom;not_used_other;anki_again;performance_general;performance_pharm;studying_style_unchanged;less_time_spent_studying;more_time_spent_studying;more_elearning;less_studying_with_fellows;more_studying_with_fellows;other_changes;gender;score_percentage;group;age;score
0;1;1;0;0;0;1;1;0;1;0;0;0;0;0;0;;;1;3;;;;;;;;;;;;;;;;;;;;4;4;0;0;0;1;1;0;0;1;0.551724138;KS22;ZZ;16
1;0;0;0;0;0;0;0;0;1;1;0;0;0;0;0;;;0;1;;;;;;;;;;;;;;;;;;;;3;3;1;0;0;0;0;0;0;1;0.827586207;KS22;ZZ;24
1;0;0;0;0;0;0;0;0;1;1;1;0;1;1;1;;;0;3;;;;;;;;;;;;;;;;;;;;3;3;0;0;1;0;1;0;0;1;0.724137931;KS22;23;21
0;1;0;0;0;0;1;1;0;;1;0;0;0;0;1;;;0;3;;;;;;;;;;;;;;;;;;;;3;3;0;0;0;0;1;0;0;1;0.586206897;KS22;ZZ;17
1;0;1;0;0;0;0;1;0;1;1;1;0;1;1;1;;;0;3;;;;;;;;;;;;;;;;;;;;3;3;0;1;1;0;1;0;0;2;;KS22;ZZ;
1;0;1;0;0;0;0;1;0;1;1;0;0;1;0;1;;;0;3;;;;;;;;;;;;;;;;;;;;3;3;0;0;0;1;0;0;0;2;0.689655172;KS22;ZZ;20
1;0;0;0;0;0;0;1;0;1;1;0;0;1;1;1;;;0;2;;;;;;;;;;;;;;;;;;;;2;4;0;1;0;0;1;0;0;1;0.862068966;KS22;ZZ;25
1;0;0;0;0;0;0;1;0;1;1;0;0;0;0;0;;;0;3;;;;;;;;;;;;;;;;;;;;3;3;0;1;0;0;1;0;0;1;0.75862069;KS22;ZZ;22
1;0;0;0;0;0;1;1;1;1;0;0;0;1;1;1;;;0;3;;;;;;;;;;;;;;;;;;;;3;2;0;0;1;0;0;0;0;2;0.620689655;KS22;Z6;18
1;0;0;0;0;0;0;1;0;1;1;0;0;1;1;1;;;0;3;;;;;;;;;;;;;;;;;;;;5;5;1;0;0;0;0;0;0;2;0.896551724;KS22;ZZ;26
1;0;0;0;0;0;1;1;0;1;1;1;0;1;0;1;;;0;2;;;;;;;;;;;;;;;;;;;;4;2;0;1;0;0;0;1;0;2;0.689655172;KS22;ZZ;20
1;0;0;0;0;0;0;1;1;1;1;1;0;1;1;1;;;1;3;;;;;;;;;;;;;;;;;;;;3;2;0;0;1;1;0;0;0;1;0.793103448;KS22;Z8;23
1;0;0;0;0;0;1;1;1;1;0;0;0;0;0;0;;;1;3;;;;;;;;;;;;;;;;;;;;4;3;0;0;1;1;0;1;0;2;0.655172414;KS22;Z5;19
1;0;0;0;1;0;0;1;0;1;0;0;0;1;1;1;;;0;3;;;;;;;;;;;;;;;;;;;;4;4;0;0;1;1;0;0;0;2;0.724137931;KS22;Z4;21
1;0;0;0;0;0;0;1;0;1;1;0;0;0;0;0;;;0;3;;;;;;;;;;;;;;;;;;;;4;3;1;0;0;0;0;0;0;2;0.689655172;KS22;ZZ;20
1;0;0;1;0;1;1;1;0;1;1;0;0;1;1;0;;;0;;;;;;;;;;;;;;;;;;;;;4;3;0;0;1;0;0;1;0;1;0.724137931;KS22;ZZ;21
1;1;0;1;1;0;0;1;0;1;1;1;0;1;1;1;;;0;3;;;;;;;;;;;;;;;;;;;;4;3;0;0;1;1;0;0;0;1;0.793103448;KS22;ZZ;23
1;0;0;0;0;0;1;1;0;1;1;1;1;0;1;1;;;0;1;;;;;;;;;;;;;;;;;;;;4;4;0;0;0;0;0;1;0;2;0.724137931;KS22;ZZ;21
0;1;0;0;0;0;0;1;0;1;1;0;0;0;1;1;;;0;3;;;;;;;;;;;;;;;;;;;;3;3;1;0;0;1;0;1;0;1;0.724137931;KS22;ZZ;21
1;0;0;0;1;1;1;1;0;1;1;0;0;1;0;1;;;0;3;;;;;;;;;;;;;;;;;;;;4;3;1;0;0;0;0;0;0;2;0.862068966;KS22;ZZ;25
1;0;0;0;1;1;0;1;0;1;1;1;0;1;1;0;;;0;3;;;;;;;;;;;;;;;;;;;;2;2;0;1;0;0;1;0;0;2;0.689655172;KS22;Z6;20
1;1;1;1;0;0;0;1;1;1;1;0;0;0;1;1;;;0;;;;;;;;;;;;;;;;;;;;;4;3;0;0;0;1;1;0;0;1;0.827586207;KS22;Z5;24
1;1;0;0;0;0;1;1;0;1;1;1;0;0;1;1;;;0;3;;;;;;;;;;;;;;;;;;;;4;3;0;1;0;1;1;0;0;2;0.896551724;KS22;Z5;26
1;1;0;0;0;0;0;1;0;1;1;0;0;1;0;1;;;0;2;;;;;;;;;;;;;;;;;;;;2;2;0;0;1;0;0;1;0;1;0.793103448;KS22;ZZ;23
1;1;0;0;0;0;0;0;0;1;1;1;0;0;0;0;;;0;1;;;;;;;;;;;;;;;;;;;;2;2;0;1;0;0;1;0;0;1;0.413793103;KS22;ZS;12
1;0;0;0;0;0;0;1;0;1;1;1;0;0;1;1;;;0;1;;;;;;;;;;;;;;;;;;;;1;1;0;1;0;0;1;0;0;1;0.827586207;KS22;23;24
1;0;0;0;0;0;0;0;0;1;1;0;0;0;0;0;;;0;1;;;;;;;;;;;;;;;;;;;;1;1;1;0;0;0;0;0;0;1;0.482758621;KS22;22;14
1;1;1;0;0;0;1;1;0;1;1;0;0;1;0;1;;;0;2;;;;;;;;;;;;;;;;;;;;3;3;0;1;0;0;0;0;0;1;0.655172414;KS22;ZZ;19
1;0;0;0;0;0;1;1;0;1;1;0;0;1;0;1;;;0;3;;;;;;;;;;;;;;;;;;;;1;1;0;1;0;0;1;0;0;1;0.413793103;KS22;ZZ;12
1;0;0;1;0;0;1;1;0;1;1;0;1;1;1;0;;;0;2;;;;;;;;;;;;;;;;;;;;4;4;0;0;1;0;0;0;0;1;0.827586207;KS22;Z4;24
1;0;0;0;0;0;0;1;0;1;1;0;0;0;1;0;;;0;2;;;;;;;;;;;;;;;;;;;;3;;1;0;0;0;1;0;0;1;0.620689655;KS22;ZZ;18
1;0;0;1;0;0;1;0;0;2;1;0;0;1;1;1;;;0;3;;;;;;;;;;;;;;;;;;;;2;1;0;1;0;0;1;0;0;2;0.551724138;KS22;ZZ;16
1;0;0;0;1;0;0;1;0;1;1;0;0;1;1;1;;;0;3;;;;;;;;;;;;;;;;;;;;4;3;0;0;0;1;0;0;0;1;0.655172414;KS22;ZZ;19
1;0;0;0;0;0;1;1;0;1;1;0;0;0;0;1;;;0;3;;;;;;;;;;;;;;;;;;;;4;2;0;1;0;0;1;0;0;1;0.689655172;KS22;ZZ;20
1;0;0;0;0;0;1;1;0;1;1;0;0;1;0;1;;;0;3;;;;;;;;;;;;;;;;;;;;4;4;0;0;0;1;0;1;0;2;0.827586207;KS22;ZZ;24
0;1;0;0;0;0;0;0;0;1;1;1;0;0;0;1;;;0;3;;;;;;;;;;;;;;;;;;;;2;2;0;0;0;1;0;0;0;1;0.620689655;KS22;ZS;18
1;0;0;0;0;0;1;1;0;1;1;1;0;0;1;1;;;0;3;;;;;;;;;;;;;;;;;;;;4;4;0;0;1;1;0;0;0;1;0.827586207;KS22;ZZ;24
1;0;0;0;0;0;1;1;0;1;1;1;1;0;0;0;;;0;3;;;;;;;;;;;;;;;;;;;;5;5;0;0;0;1;0;0;0;2;;KS22;Z6;
1;1;0;0;0;0;1;1;0;1;1;1;1;1;1;1;;;0;3;;;;;;;;;;;;;;;;;;;;3;3;0;0;0;1;0;0;0;1;0.586206897;KS22;ZZ;17
1;0;0;1;0;0;0;0;0;1;1;0;0;1;0;0;;;0;3;;;;;;;;;;;;;;;;;;;;3;4;1;0;0;0;0;0;0;1;0.75862069;KS22;ZZ;22
1;0;0;1;0;0;0;1;0;1;1;0;0;1;0;0;;;0;3;;;;;;;;;;;;;;;;;;;;3;2;0;0;0;1;0;0;0;2;0.586206897;KS22;ZZ;17
1;0;0;0;0;0;0;1;0;1;1;1;0;1;0;1;;;0;3;;;;;;;;;;;;;;;;;;;;4;3;1;0;0;0;0;0;0;2;0.689655172;KS22;ZZ;20
1;0;0;0;0;0;1;1;0;1;1;1;0;1;1;1;;;0;3;;;;;;;;;;;;;;;;;;;;3;3;0;0;0;1;0;0;0;1;;KS22;Z4;
1;0;0;0;0;0;0;1;0;2;1;0;0;1;1;1;;;0;2;;;;;;;;;;;;;;;;;;;;4;3;0;0;1;0;1;0;0;1;0.517241379;KS22;Z5;15
1;0;0;0;0;0;1;1;0;1;1;1;0;0;1;1;;;0;3;;;;;;;;;;;;;;;;;;;;4;3;0;0;0;1;1;0;0;2;0.724137931;KS22;ZZ;21
0;1;0;0;0;0;0;1;0;1;0;1;1;0;1;1;;;0;1;;;;;;;;;;;;;;;;;;;;;;0;0;1;1;0;1;0;;;KS22;;
1;0;0;0;0;0;0;1;0;1;1;1;0;0;1;1;;;0;1;;;;;;;;;;;;;;;;;;;;3;3;1;0;0;0;0;0;0;2;0.827586207;KS22;ZZ;24
1;0;0;0;0;0;1;1;0;1;1;1;1;0;0;1;;;0;;;;;;;;;;;;;;;;;;;;;4;3;0;0;0;0;0;0;1;1;0.793103448;KS22;ZZ;23
1;0;0;0;0;0;0;0;0;1;1;0;0;0;0;0;;;0;3;;;;;;;;;;;;;;;;;;;;3;3;1;0;0;0;0;0;0;2;0.724137931;KS22;ZZ;21
1;0;0;0;0;0;1;1;0;1;1;0;0;0;0;0;;;0;3;;;;;;;;;;;;;;;;;;;;4;4;0;0;0;1;0;0;0;2;0.965517241;KS22;ZZ;28
1;0;0;0;0;1;1;0;0;1;1;1;0;1;1;1;;;0;3;;;;;;;;;;;;;;;;;;;;5;4;1;0;0;0;0;0;0;1;0.827586207;KS22;ZZ;24
1;0;0;0;0;0;0;1;0;2;1;0;0;1;0;1;;;0;2;;;;;;;;;;;;;;;;;;;;3;3;0;1;0;0;0;0;0;1;0.793103448;KS22;ZZ;23
1;0;0;0;0;0;0;0;0;1;1;0;0;1;1;0;;;0;3;;;;;;;;;;;;;;;;;;;;4;4;0;0;1;0;0;0;0;2;0.896551724;KS22;ZZ;26
1;0;0;0;0;0;0;1;0;1;1;0;0;1;1;1;;;0;2;;;;;;;;;;;;;;;;;;;;3;3;1;0;0;0;0;0;0;1;0.75862069;KS22;ZZ;22
1;0;0;0;1;0;1;1;0;1;1;1;0;0;1;0;;;0;3;;;;;;;;;;;;;;;;;;;;4;4;0;0;0;1;1;0;0;2;0.724137931;KS22;ZZ;21
1;0;0;0;0;0;0;1;0;1;1;0;0;1;1;1;;;0;3;;;;;;;;;;;;;;;;;;;;3;4;0;0;0;0;0;1;0;1;0.862068966;KS22;ZZ;25
;;;;;;;;;;;;;;;;;;;;;;;;;;;;;;;;;;;;;;;;;;;;;;;;;;KS22;;
1;0;0;0;0;0;1;1;0;1;1;1;0;1;1;0;;;0;3;;;;;;;;;;;;;;;;;;;;4;3;0;0;1;1;0;0;0;2;0.862068966;KS22;ZZ;25
1;0;0;1;1;1;1;1;1;1;1;0;0;0;1;1;;;0;3;;;;;;;;;;;;;;;;;;;;3;2;0;0;0;0;1;0;0;1;0.517241379;KS22;Z6;15
1;0;0;1;0;0;0;1;0;1;1;0;0;0;1;0;;;0;3;;;;;;;;;;;;;;;;;;;;4;3;0;0;1;1;1;0;0;1;0.793103448;KS22;ZZ;23
1;0;0;0;0;0;0;1;0;1;1;0;0;0;1;1;;;0;2;;;;;;;;;;;;;;;;;;;;3;3;0;0;0;1;1;0;0;1;0.620689655;KS22;ZZ;18
1;0;0;0;0;0;1;1;0;1;1;1;1;1;1;1;;;1;2;;;;;;;;;;;;;;;;;;;;4;4;0;0;0;1;0;0;0;2;0.793103448;KS22;ZZ;23
1;0;0;0;0;0;1;1;0;1;1;1;0;1;1;1;;;0;3;;;;;;;;;;;;;;;;;;;;2;2;0;0;0;0;0;0;1;1;0.689655172;KS22;ZS;20
1;1;0;0;0;0;1;1;0;1;0;1;0;1;0;1;;;0;2;;;;;;;;;;;;;;;;;;;;4;4;0;1;0;0;1;0;0;2;0.620689655;KS22;ZO;18
1;0;0;1;0;0;1;1;0;1;1;0;0;1;1;1;;;0;2;;;;;;;;;;;;;;;;;;;;4;4;0;1;0;0;1;0;0;2;0.551724138;KS22;Z8;16
;;;;;;;;;;;;;;;;;;;;;;;;;;;;;;;;;;;;;;;;;;;;;;;;;;KS22;;
1;1;0;0;0;0;0;1;0;1;1;0;0;0;0;0;;;0;2;;;;;;;;;;;;;;;;;;;;3;2;0;1;0;0;0;0;0;1;0.586206897;KS22;ZZ;17
1;0;0;1;0;0;0;1;0;1;1;0;0;0;1;1;;;0;2;;;;;;;;;;;;;;;;;;;;4;4;0;0;1;0;0;0;0;2;0.931034483;KS22;ZZ;27
1;1;1;0;0;0;1;1;0;1;1;1;0;1;1;1;;;0;2;;;;;;;;;;;;;;;;;;;;3;4;0;0;0;1;0;0;0;2;0.793103448;KS22;ZZ;23
1;1;1;0;0;0;1;1;0;1;1;1;0;0;1;1;;;0;1;;;;;;;;;;;;;;;;;;;;3;;0;0;1;1;0;0;0;2;0.586206897;KS22;ZZ;17
1;0;0;0;0;0;0;1;0;1;1;0;0;1;0;0;;;0;2;;;;;;;;;;;;;;;;;;;;2;3;0;0;0;0;0;1;0;1;0.862068966;KS22;Z7;25
1;0;1;0;0;0;0;1;1;1;1;0;0;1;1;0;;;0;3;;;;;;;;;;;;;;;;;;;;3;2;0;0;0;1;1;0;0;1;0.517241379;KS22;ZZ;15
0;1;0;1;0;0;1;1;0;1;0;1;0;0;0;1;;;0;1;;;;;;;;;;;;;;;;;;;;2;2;0;0;1;0;0;0;0;2;0.75862069;KS22;28;22
1;0;0;0;0;0;0;1;0;1;1;0;0;0;1;0;;;0;3;;;;;;;;;;;;;;;;;;;;4;4;1;0;0;0;0;0;0;1;;KS22;ZZ;
1;1;1;0;0;0;0;1;0;1;1;1;1;0;1;1;;;0;3;;;;;;;;;;;;;;;;;;;;2;2;0;1;0;0;1;0;0;3;0.75862069;KS22;ZZ;22
1;0;0;0;0;0;0;1;0;1;1;0;0;1;1;1;;;0;2;;;;;;;;;;;;;;;;;;;;4;3;0;1;0;0;0;0;0;2;0.75862069;KS22;Z4;22
1;0;1;1;0;1;1;1;0;1;1;0;0;1;1;1;;;0;3;;;;;;;;;;;;;;;;;;;;4;3;0;0;0;1;1;0;0;1;0.724137931;KS22;Z8;21
1;0;0;0;0;0;1;1;0;1;1;1;0;1;1;1;;;0;2;;;;;;;;;;;;;;;;;;;;3;3;0;0;1;1;0;0;0;1;0.793103448;KS22;ZZ;23
1;1;0;1;0;0;1;1;0;1;1;1;0;0;1;1;;;0;3;;;;;;;;;;;;;;;;;;;;3;2;0;0;0;1;1;0;0;1;0.551724138;KS22;Z9;16
1;0;0;0;1;0;1;1;0;1;0;1;0;0;0;1;;;0;3;;;;;;;;;;;;;;;;;;;;1;1;0;1;0;0;1;0;0;2;0.586206897;KS22;29;17
1;0;0;0;0;0;1;1;0;1;1;1;1;1;1;1;;;1;3;;;;;;;;;;;;;;;;;;;;3;3;0;0;1;1;0;0;0;1;0.724137931;KS22;ZZ;21
1;0;0;0;0;0;0;1;0;1;1;1;0;0;1;1;;;0;3;;;;;;;;;;;;;;;;;;;;3;3;1;0;0;0;0;0;0;2;0.75862069;KS22;Z4;22
1;1;0;0;0;0;1;1;0;2;1;1;1;1;0;0;;;0;2;;;;;;;;;;;;;;;;;;;;2;2;0;1;0;0;1;0;0;2;0.75862069;KS22;ZZ;22
1;0;0;1;0;0;0;1;0;1;1;0;0;1;1;1;;;0;2;;;;;;;;;;;;;;;;;;;;4;4;0;0;1;1;0;0;0;1;0.862068966;KS22;Z5;25
1;0;1;0;0;1;0;0;0;1;1;1;0;0;0;0;;;0;1;;;;;;;;;;;;;;;;;;;;5;3;0;0;1;1;0;0;0;2;0.827586207;KS22;ZZ;24
1;0;1;0;0;0;0;1;0;1;1;0;0;1;0;1;;;0;2;;;;;;;;;;;;;;;;;;;;3;3;0;0;0;1;1;0;0;2;0.724137931;KS22;ZZ;21
1;1;0;0;1;0;1;1;0;1;1;0;0;1;1;1;;;0;2;;;;;;;;;;;;;;;;;;;;3;3;1;0;0;0;0;0;0;1;0.827586207;KS22;Z4;24
1;0;0;0;0;0;1;1;0;1;1;0;0;0;1;1;;;0;3;;;;;;;;;;;;;;;;;;;;3;3;0;1;0;1;1;0;0;2;0.689655172;KS22;ZZ;20
1;1;0;0;0;0;1;1;0;2;1;1;0;1;1;1;;;0;3;;;;;;;;;;;;;;;;;;;;3;4;0;0;0;1;1;0;0;1;;KS22;Z6;
1;0;0;0;0;0;0;1;0;2;1;1;0;0;1;1;;;0;3;;;;;;;;;;;;;;;;;;;;3;4;0;1;0;0;0;0;0;2;0.827586207;KS22;ZZ;24
1;0;0;0;0;0;1;1;0;1;1;1;0;1;1;1;;;0;2;;;;;;;;;;;;;;;;;;;;3;2;0;0;0;0;1;0;0;2;0.620689655;KS22;ZZ;18
1;1;0;0;0;0;1;1;0;1;1;0;0;1;1;1;;;0;3;;;;;;;;;;;;;;;;;;;;3;3;0;0;0;1;0;1;0;2;0.793103448;KS22;ZZ;23
1;0;0;0;0;0;1;1;0;1;0;1;0;1;0;0;;;0;1;;;;;;;;;;;;;;;;;;;;2;2;0;0;1;0;1;0;0;1;0.793103448;KS22;Z7;23
1;0;0;0;0;0;1;1;1;1;1;0;0;1;1;1;;;0;3;;;;;;;;;;;;;;;;;;;;3;3;0;0;0;0;0;0;1;1;0.586206897;KS22;Z4;17
0;0;1;0;0;0;1;1;0;1;0;0;0;1;1;1;;;0;2;;;;;;;;;;;;;;;;;;;;3;3;0;1;0;1;0;0;0;2;0.793103448;KS22;ZZ;23
1;0;1;1;1;1;0;1;0;1;1;1;0;0;0;1;;;0;3;;;;;;;;;;;;;;;;;;;;3;3;0;0;1;1;0;0;0;2;0.793103448;KS22;ZZ;23
1;0;0;0;0;0;1;1;0;1;1;1;0;0;0;0;;;0;3;;;;;;;;;;;;;;;;;;;;4;4;1;0;0;0;0;0;0;2;0.75862069;KS22;ZZ;22
1;0;0;0;0;0;0;1;0;1;1;1;0;1;1;1;;;0;2;;;;;;;;;;;;;;;;;;;;2;2;1;0;0;0;0;0;0;1;0.724137931;KS22;ZZ;21
1;1;1;0;0;0;0;1;0;1;1;1;0;1;1;1;;;0;3;;;;;;;;;;;;;;;;;;;;4;3;0;0;0;1;1;0;0;1;0.827586207;KS22;Z7;24
0;1;0;0;0;0;0;1;0;;1;1;0;0;1;0;;;0;3;;;;;;;;;;;;;;;;;;;;2;1;1;0;0;0;0;0;0;1;0.793103448;KS22;ZY;23
1;1;0;0;0;0;1;1;0;1;1;0;1;1;1;1;;;0;3;;;;;;;;;;;;;;;;;;;;4;3;0;1;0;1;1;0;0;2;0.862068966;KS22;ZZ;25
0;1;0;0;0;0;0;1;0;1;1;1;1;1;0;1;;;0;3;;;;;;;;;;;;;;;;;;;;4;4;0;0;1;0;0;0;0;1;;KS22;ZZ;
1;0;1;0;0;0;0;1;0;1;0;0;0;1;0;1;;;0;2;;;;;;;;;;;;;;;;;;;;2;2;0;0;0;0;1;0;0;1;0.586206897;KS22;ZZ;17
0;1;0;0;0;0;0;1;0;1;1;1;0;1;1;0;;;0;2;;;;;;;;;;;;;;;;;;;;3;3;1;0;0;0;0;0;0;1;0.793103448;KS22;Z1;23
1;1;0;0;0;0;1;1;0;1;1;1;0;0;1;1;;;0;;;;;;;;;;;;;;;;;;;;;2;1;0;0;1;1;1;0;0;1;0.517241379;KS22;ZS;15
0;1;0;0;0;0;0;1;0;1;1;1;1;0;1;1;;;0;1;;;;;;;;;;;;;;;;;;;;3;3;0;1;0;0;0;0;0;1;0.482758621;KS22;ZY;14
1;1;0;0;0;0;1;1;0;1;1;1;0;1;1;1;;;0;3;;;;;;;;;;;;;;;;;;;;3;3;1;0;0;0;0;0;0;1;0.75862069;KS22;ZZ;22
1;0;0;1;0;0;1;1;0;1;1;1;0;0;1;1;;;0;;;;;;;;;;;;;;;;;;;;;3;3;0;0;1;1;0;0;0;1;0.689655172;KS22;ZO;20
0;1;0;0;1;0;1;1;0;1;1;1;0;1;1;1;;;0;;;;;;;;;;;;;;;;;;;;;4;5;0;0;0;1;1;0;0;1;0.931034483;KS22;ZZ;27
0;1;0;0;0;0;0;1;0;1;1;1;0;1;1;1;;;0;3;;;;;;;;;;;;;;;;;;;;3;2;0;0;0;0;1;0;0;2;0.862068966;KS22;ZZ;25
1;0;0;0;0;0;1;1;0;1;1;1;0;0;0;1;;;0;3;;;;;;;;;;;;;;;;;;;;3;3;0;0;0;1;0;1;0;1;0.75862069;KS22;ZZ;22
0;1;0;1;0;0;1;1;0;1;1;1;0;0;0;1;;;0;3;;;;;;;;;;;;;;;;;;;;3;1;0;0;0;1;1;0;0;1;0.724137931;KS22;ZZ;21
1;1;0;1;0;0;0;0;0;1;0;0;1;0;0;0;;;0;2;;;;;;;;;;;;;;;;;;;;3;3;0;0;0;1;0;0;0;2;;KS22;;
1;0;0;1;0;0;1;1;0;1;1;0;0;1;1;0;;;0;3;;;;;;;;;;;;;;;;;;;;3;3;0;0;0;1;0;0;0;2;0.724137931;KS22;Z4;21
1;1;0;1;1;1;1;1;0;1;1;0;0;1;1;1;;;0;;;;;;;;;;;;;;;;;;;;;3;3;0;1;0;1;0;0;0;1;0.724137931;KS22;22;21
0;1;1;0;0;0;0;1;0;1;0;0;0;1;0;0;;;0;2;;;;;;;;;;;;;;;;;;;;3;2;0;0;0;0;1;0;0;1;;KS22;ZZ;
1;1;0;0;0;0;0;1;0;1;1;1;0;1;1;1;;;0;3;;;;;;;;;;;;;;;;;;;;3;4;0;0;0;1;1;0;0;2;0.620689655;KS22;Z4;18
1;0;0;0;0;0;0;1;1;1;1;0;1;1;0;0;;;0;2;;;;;;;;;;;;;;;;;;;;3;2;0;0;0;1;1;0;0;1;0.689655172;KS22;ZZ;20
1;0;0;0;0;1;0;1;0;1;1;1;0;1;1;1;;;0;3;;;;;;;;;;;;;;;;;;;;3;3;0;0;0;1;0;0;0;1;0.724137931;KS22;ZZ;21
1;0;0;0;0;0;0;1;0;1;1;0;0;0;1;1;;;0;3;;;;;;;;;;;;;;;;;;;;3;3;0;0;1;1;0;0;0;1;0.793103448;KS22;ZZ;23
1;0;0;0;0;1;0;0;0;1;0;1;0;0;1;0;;;0;3;;;;;;;;;;;;;;;;;;;;3;2;0;0;1;0;1;0;0;2;0.586206897;KS22;Z7;17
1;0;0;0;0;0;1;1;1;1;0;1;0;0;1;1;;;0;;;;;;;;;;;;;;;;;;;;;;;;;;;;;;;0.689655172;KS22;;20
1;0;0;0;0;0;0;1;0;1;0;0;0;0;1;0;;;0;2;;;;;;;;;;;;;;;;;;;;4;3;0;0;0;1;0;0;0;1;0.896551724;KS22;ZZ;26
1;0;0;0;0;1;0;1;0;1;1;0;0;0;1;1;;;0;2;;;;;;;;;;;;;;;;;;;;3;4;0;0;0;1;1;0;0;1;0.931034483;KS22;ZZ;27
1;0;0;0;0;1;0;1;0;1;1;1;0;0;1;1;;;0;3;;;;;;;;;;;;;;;;;;;;3;3;0;0;0;1;1;0;0;2;0.620689655;KS22;ZI;18
1;0;0;0;0;0;0;0;1;1;1;0;0;1;1;1;;;0;3;;;;;;;;;;;;;;;;;;;;4;3;1;0;0;0;0;0;0;2;;KS22;ZZ;
1;0;0;1;0;0;1;1;0;1;1;1;0;0;1;0;;;0;2;;;;;;;;;;;;;;;;;;;;3;3;1;0;0;0;0;0;0;1;0.586206897;KS22;ZZ;17
1;0;0;0;0;0;0;0;0;1;1;0;1;1;1;1;;;0;2;;;;;;;;;;;;;;;;;;;;4;3;0;0;1;0;0;0;0;2;0.724137931;KS22;Z6;21
1;0;0;0;0;0;0;1;0;1;1;1;0;1;1;1;;;0;3;;;;;;;;;;;;;;;;;;;;3;2;0;0;0;1;0;1;0;1;0.75862069;KS22;ZZ;22
1;0;0;0;0;0;0;1;0;1;0;1;0;0;0;1;;;0;;;;;;;;;;;;;;;;;;;;;;;;;;;;;;;0.827586207;KS22;;24
1;0;0;0;0;0;1;1;0;1;1;0;0;1;1;1;;;0;1;;;;;;;;;;;;;;;;;;;;3;2;0;0;1;1;1;0;0;2;0.931034483;KS22;ZO;27
1;1;0;0;0;0;0;1;0;1;1;0;0;1;1;1;;;0;3;;;;;;;;;;;;;;;;;;;;4;3;0;0;1;1;0;0;0;1;0.827586207;KS22;ZZ;24
1;1;0;1;0;0;0;1;0;1;1;0;0;1;0;0;;;0;3;;;;;;;;;;;;;;;;;;;;3;3;0;1;0;1;0;0;0;1;0.586206897;KS22;ZZ;17
1;1;0;0;0;0;0;0;0;1;1;1;1;1;1;1;;;1;3;;;;;;;;;;;;;;;;;;;;3;2;0;0;1;1;0;0;0;1;0.655172414;KS22;Z7;19
1;1;1;0;0;0;1;1;0;1;1;1;1;0;1;1;;;0;3;;;;;;;;;;;;;;;;;;;;4;4;0;0;1;1;0;0;0;2;0.896551724;KS22;Z8;26
1;0;0;0;0;0;0;1;0;1;1;1;0;1;1;1;;;0;2;;;;;;;;;;;;;;;;;;;;3;3;0;0;0;1;0;0;0;1;0.931034483;KS22;ZZ;27
1;1;0;0;0;0;1;1;0;1;1;0;0;1;0;1;;;0;2;;;;;;;;;;;;;;;;;;;;4;2;0;0;1;0;0;0;0;1;0.24137931;KS22;Z1;7
1;0;0;0;1;1;0;1;0;1;1;1;0;1;1;1;;;0;3;;;;;;;;;;;;;;;;;;;;4;3;0;0;1;0;0;0;0;1;0.75862069;KS22;Z4;22
1;0;0;0;0;0;1;1;0;1;1;1;0;1;1;1;;;0;3;;;;;;;;;;;;;;;;;;;;2;2;1;0;0;0;0;0;0;2;0.724137931;KS22;24;21
1;0;0;0;0;0;0;1;0;1;0;1;0;1;0;0;;;0;3;;;;;;;;;;;;;;;;;;;;3;3;0;0;0;1;0;0;0;2;;KS22;ZS;
1;0;0;0;0;1;0;1;0;1;0;0;0;0;1;0;;;0;3;;;;;;;;;;;;;;;;;;;;2;4;0;1;0;0;0;0;0;2;0.068965517;KS22;Z4;2
1;0;0;0;0;0;1;1;0;1;1;1;0;0;0;1;;;0;3;;;;;;;;;;;;;;;;;;;;2;2;1;0;0;0;0;0;0;1;0.689655172;KS22;ZZ;20
1;0;0;0;0;0;1;1;0;1;1;1;0;1;1;1;;;0;3;;;;;;;;;;;;;;;;;;;;4;4;0;0;0;1;0;0;0;2;0.75862069;KS22;ZZ;22
0;1;0;0;0;0;0;1;0;1;1;0;0;1;1;1;;;0;2;;;;;;;;;;;;;;;;;;;;3;3;0;0;1;0;0;0;0;1;0.931034483;KS22;ZZ;27
1;0;0;0;0;1;1;1;0;1;1;0;0;0;1;1;;;0;3;;;;;;;;;;;;;;;;;;;;4;4;0;1;0;1;1;0;0;1;0.793103448;KS22;ZZ;23
1;0;0;0;0;0;0;0;0;1;1;1;0;0;1;1;;;0;;;;;;;;;;;;;;;;;;;;;;;;;;;;;;;;KS22;;
1;0;1;0;0;0;0;1;0;1;1;1;1;1;1;1;;;1;3;;;;;;;;;;;;;;;;;;;;2;2;0;0;1;1;1;0;0;1;0.655172414;KS22;ZZ;19
1;0;0;1;0;0;1;1;0;1;1;1;0;1;1;1;;;0;3;;;;;;;;;;;;;;;;;;;;4;4;0;0;0;1;0;0;0;2;0.827586207;KS22;ZZ;24
1;0;0;0;1;0;0;1;0;1;1;1;0;0;0;0;;;0;3;;;;;;;;;;;;;;;;;;;;2;2;0;1;1;1;0;0;0;1;0.75862069;KS22;ZZ;22
1;0;0;0;0;0;1;1;0;1;1;1;0;1;0;1;;;0;3;;;;;;;;;;;;;;;;;;;;3;3;0;0;0;0;1;0;0;1;;KS22;Z4;
1;0;0;0;0;0;1;1;0;1;1;0;0;1;1;1;;;0;2;;;;;;;;;;;;;;;;;;;;3;3;0;0;1;1;1;0;0;1;0.793103448;KS22;ZZ;23
1;0;0;0;0;0;1;1;0;1;1;0;0;1;0;0;;;0;3;;;;;;;;;;;;;;;;;;;;3;3;0;0;0;1;0;0;0;1;0.827586207;KS22;ZZ;24
1;0;0;0;1;0;0;0;0;1;0;1;0;0;1;1;;;0;3;;;;;;;;;;;;;;;;;;;;2;1;0;0;1;1;0;0;0;1;0.620689655;KS22;Z4;18
1;0;0;0;0;0;0;0;0;2;1;0;0;0;0;0;;;0;2;;;;;;;;;;;;;;;;;;;;2;2;1;0;0;0;0;0;0;2;0.689655172;KS22;ZZ;20
1;0;0;1;0;0;0;1;0;1;1;0;0;1;0;0;;;0;3;;;;;;;;;;;;;;;;;;;;5;5;0;0;1;1;1;0;0;1;0.862068966;KS22;ZZ;25
1;0;0;0;1;0;0;1;0;1;1;0;0;0;1;0;;;0;3;;;;;;;;;;;;;;;;;;;;4;4;0;0;0;1;0;0;0;1;0.931034483;KS22;ZZ;27
1;1;0;0;0;0;0;1;0;1;1;0;0;0;1;1;;;0;3;;;;;;;;;;;;;;;;;;;;3;3;0;1;0;1;0;0;0;2;0.655172414;KS22;ZZ;19
1;0;0;0;0;0;0;1;0;1;1;0;0;0;1;0;;;0;;;;;;;;;;;;;;;;;;;;;3;3;1;0;0;0;0;0;0;1;0.896551724;KS22;ZZ;26
1;0;0;0;0;0;0;1;0;1;1;0;0;1;1;1;;;0;3;;;;;;;;;;;;;;;;;;;;3;3;0;0;0;1;0;1;0;2;0.75862069;KS22;Z4;22
1;0;0;0;0;0;0;1;0;1;0;0;0;0;1;1;;;0;3;;;;;;;;;;;;;;;;;;;;4;4;0;0;1;0;1;0;0;1;;KS22;22;29
1;0;1;0;1;0;0;1;0;1;0;1;0;0;1;1;;;0;3;;;;;;;;;;;;;;;;;;;;3;2;0;0;0;1;0;0;0;2;0.551724138;KS22;33;16
1;1;0;0;0;0;0;0;0;1;1;0;0;1;1;1;;;0;3;;;;;;;;;;;;;;;;;;;;3;3;1;0;0;0;0;0;0;2;;KS22;ZZ;
0;1;0;0;1;0;1;1;0;1;1;0;0;1;1;0;;;0;3;;;;;;;;;;;;;;;;;;;;3;3;0;0;1;0;1;0;0;2;0.586206897;KS22;Z4;17
1;0;0;0;0;0;0;1;0;1;1;1;0;1;1;1;;;0;3;;;;;;;;;;;;;;;;;;;;3;2;0;0;1;1;1;0;0;1;0.896551724;KS22;ZY;26
1;0;0;1;0;0;0;1;0;1;1;0;0;0;1;1;;;0;1;;;;;;;;;;;;;;;;;;;;4;3;0;0;1;1;1;0;0;2;0.586206897;KS22;Z4;17
1;0;0;0;0;0;0;0;0;1;1;1;0;0;1;0;;;0;3;;;;;;;;;;;;;;;;;;;;3;3;0;0;0;1;0;0;0;2;;KS22;Z7;
1;0;0;0;0;1;1;1;0;1;1;0;0;0;0;1;;;0;3;;;;;;;;;;;;;;;;;;;;2;2;0;0;0;0;1;0;0;1;0.620689655;KS22;Z5;18
1;0;0;0;0;0;0;1;0;1;1;0;0;0;1;0;;;0;3;;;;;;;;;;;;;;;;;;;;3;2;0;0;1;1;1;0;0;2;0.586206897;KS22;Z1;17
1;0;0;0;0;0;0;1;0;1;1;1;0;0;1;1;;;0;3;;;;;;;;;;;;;;;;;;;;3;2;1;0;0;1;0;0;0;1;0.724137931;KS22;ZZ;21
0;1;0;0;0;0;1;1;0;2;1;0;0;0;0;0;;;0;3;;;;;;;;;;;;;;;;;;;;4;3;0;1;0;0;0;0;0;1;0.620689655;KS22;Z4;18
1;0;0;0;0;0;0;0;0;1;1;0;1;0;0;0;;;0;1;;;;;;;;;;;;;;;;;;;;2;2;0;1;0;0;1;0;0;1;0.862068966;KS22;Z4;25
1;0;0;0;1;0;0;1;0;1;1;1;0;1;1;1;;;0;2;;;;;;;;;;;;;;;;;;;;4;3;0;0;1;1;0;0;0;1;0.620689655;KS22;ZZ;18
1;1;1;0;1;1;0;1;0;1;1;1;1;1;0;0;;;0;3;;;;;;;;;;;;;;;;;;;;3;2;1;0;0;0;0;0;0;1;0.551724138;KS22;ZZ;16
1;1;0;0;0;0;0;1;0;1;1;1;0;0;1;1;;;0;3;;;;;;;;;;;;;;;;;;;;4;3;0;0;0;1;0;0;0;1;0.862068966;KS22;ZZ;25
1;0;0;0;0;0;0;0;0;1;1;0;0;0;0;0;;;0;1;;;;;;;;;;;;;;;;;;;;2;2;1;0;0;0;0;0;0;2;0.482758621;KS22;Z8;14
1;1;0;0;1;0;0;1;0;1;1;1;0;1;1;1;;;0;3;;;;;;;;;;;;;;;;;;;;4;4;0;0;1;0;1;0;0;1;0.75862069;KS22;ZZ;22
1;0;0;0;1;1;1;1;0;1;1;1;0;1;1;1;;;0;3;;;;;;;;;;;;;;;;;;;;4;3;0;0;1;1;0;0;0;2;0.896551724;KS22;ZZ;26
1;0;0;0;0;0;0;1;0;1;1;1;0;0;1;1;;;0;1;;;;;;;;;;;;;;;;;;;;3;2;1;0;0;0;0;0;0;2;;KS22;ZZ;
0;0;0;0;1;0;0;1;0;1;1;0;0;0;0;0;;;0;3;;;;;;;;;;;;;;;;;;;;3;3;1;0;0;0;0;0;0;1;0.586206897;KS22;Z6;17
1;1;0;0;1;0;0;0;0;1;1;1;0;1;1;1;;;0;;;;;;;;;;;;;;;;;;;;;;;;;;;;;;;;KS22;;
1;0;0;0;0;0;1;1;0;1;1;0;0;0;0;1;;;0;3;;;;;;;;;;;;;;;;;;;;3;3;0;0;0;1;1;0;0;1;0.586206897;KS22;ZZ;17
1;1;0;1;0;0;0;1;0;1;1;1;0;0;0;1;;;0;;;;;;;;;;;;;;;;;;;;;;;;;;;;;;;0.517241379;KS22;;15
1;1;0;0;0;0;0;0;1;1;0;0;0;1;0;0;;;0;2;;;;;;;;;;;;;;;;;;;;4;4;0;0;0;0;1;0;0;2;0.517241379;KS22;Z9;15
1;1;0;1;0;0;1;1;0;1;1;1;0;0;0;1;;;0;1;;;;;;;;;;;;;;;;;;;;5;4;0;0;1;1;1;0;0;2;0.75862069;KS22;Z5;22
1;0;0;1;0;0;0;1;0;1;0;0;0;0;0;1;;;1;3;;;;;;;;;;;;;;;;;;;;3;3;0;1;0;0;0;0;0;1;0.724137931;KS22;Z1;21
1;0;0;0;0;0;0;1;1;1;1;1;0;0;1;1;;;0;1;;;;;;;;;;;;;;;;;;;;3;3;0;0;0;1;1;0;0;2;0.689655172;KS22;3O;20
1;0;0;0;0;0;1;1;0;1;1;1;0;1;1;1;;;0;1;;;;;;;;;;;;;;;;;;;;2;2;0;0;1;1;0;0;0;2;0.586206897;KS22;ZZ;17
1;0;1;0;0;0;1;1;0;1;0;0;0;0;0;0;;;1;3;;;;;;;;;;;;;;;;;;;;3;3;0;0;0;1;0;0;0;1;0.827586207;KS22;ZZ;24
0;1;0;0;1;0;1;0;0;1;1;0;0;0;0;1;1;0;0;3;2;;;;;;;;;;;1;0;0;0;0;0;0;1;4;4;0;1;0;0;0;0;0;2;0.825;PD22;ZG;33
1;0;0;1;1;0;1;1;0;1;1;1;0;0;1;0;0;0;0;1;1;2;1;0;1;1;0;0;1;1;0;;;;;;;;1;3;3;0;1;0;1;1;0;0;1;0.825;PD22;ZZ;33
1;0;0;0;0;0;0;0;0;1;1;0;0;0;0;1;0;0;0;3;2;2;;;;;;0;0;1;0;1;0;1;0;0;0;0;1;3;3;0;0;0;1;0;0;0;2;0;PD22;Z7;
1;1;0;0;0;0;1;1;0;1;1;1;0;0;1;1;0;0;0;3;2;;;;;;;;;;;0;0;1;1;0;0;0;;3;3;0;0;0;1;1;0;0;1;;PD22;Z5;35
1;1;0;0;0;0;1;1;1;2;0;0;0;0;0;1;0;0;0;2;2;;;;;;;;;;;1;0;0;0;0;0;0;1;2;3;0;0;1;0;0;0;0;2;0.725;PD22;Z1;29
1;0;0;1;0;0;1;1;0;1;1;1;1;0;0;1;1;0;0;3;1;1;2;0;1;0;0;0;1;0;0;;;;;;;;1;3;2;0;1;0;0;0;0;0;2;0.475;PD22;29;19
1;0;1;0;0;1;1;1;1;1;1;0;0;0;1;1;0;1;0;3;2;;;;;;;;;;;0;0;0;0;0;1;0;1;4;4;;;;;;;;1;0.975;PD22;ZZ;39
1;0;1;0;1;0;0;0;0;1;1;0;0;1;1;1;0;0;0;3;1;1;1;1;1;0;0;0;0;0;1;;;;;;;;1;4;4;0;0;0;1;1;0;0;;0.7;PD22;;28
1;0;0;0;1;0;0;1;1;1;1;1;1;0;1;1;0;0;0;1;1;2;3;0;1;0;0;0;1;0;0;1;0;0;0;0;0;0;1;3;2;0;1;0;0;0;0;0;1;0.75;PD22;27;30
1;0;0;0;0;0;1;0;0;1;1;1;0;0;0;1;0;0;0;3;2;2;;;;;;;;;;0;0;0;0;0;1;0;1;3;3;0;0;1;1;0;0;0;2;0.925;PD22;Z4;37
1;0;0;0;0;0;0;0;0;1;1;0;0;0;0;0;0;0;0;;;2;;;;;;;;;;1;0;0;0;0;0;0;;3;3;0;0;1;0;0;0;0;1;0.925;PD22;27;37
1;0;0;0;0;0;0;0;1;1;1;0;0;0;0;0;0;0;0;3;2;;;;;;;;;;;1;1;1;0;0;0;0;1;3;3;1;0;0;0;0;0;0;1;0.725;PD22;Z9;29
1;1;0;0;1;1;1;1;1;1;0;0;0;0;0;1;1;1;0;2;1;1;1;0;1;0;0;0;1;0;0;;;;;;;;1;3;3;0;0;0;1;0;0;0;1;0.6;PD22;ZZ;24
1;0;0;0;0;0;0;0;0;1;1;0;0;0;0;0;0;0;0;1;2;;;;;;;;;;;1;0;0;0;0;0;0;1;;2;1;0;0;0;0;0;0;2;;PD22;Z5;
1;0;1;0;1;0;1;1;0;1;1;1;0;1;1;1;1;0;0;2;1;1;1;;;;;;;;;;;;;;;;;;;;;;;;;;;0.75;PD22;;30
1;1;0;0;1;0;1;0;0;1;1;1;1;1;1;1;1;0;0;1;1;1;3;0;1;0;0;0;1;0;0;;;;;;;;1;3;1;0;1;0;1;1;0;0;1;0.65;PD22;Z4;26
1;0;0;0;0;0;1;1;1;1;1;1;0;0;1;1;0;0;0;3;2;;;;;;;;;;;0;0;0;0;0;0;1;1;3;2;1;0;0;0;0;0;0;1;0.85;PD22;ZZ;34
0;1;1;1;1;0;1;1;0;1;1;1;0;1;1;1;1;0;0;3;1;1;3;0;1;1;0;0;0;0;1;;;;;;;;1;3;3;0;0;0;1;1;0;0;1;0.725;PD22;Z5;29
1;1;1;0;0;0;1;0;0;1;1;1;0;0;0;1;0;0;0;1;2;;;;;;;;;;;1;0;0;1;0;0;0;1;4;2;0;0;1;1;0;0;0;1;0.9;PD22;Z5;36
1;0;0;0;0;0;0;0;0;1;1;1;0;0;1;1;0;0;0;1;;;;;;;;;;;;1;0;1;0;0;0;0;1;3;3;1;0;0;0;0;0;0;2;0.95;PD22;Z4;38
1;0;0;0;1;1;1;1;0;1;1;1;0;0;0;0;0;1;0;1;1;2;1;0;1;0;0;0;1;1;1;;;;;;;;1;2;1;0;1;0;1;1;0;0;2;0.675;PD22;ZB;27
1;0;0;1;1;0;1;0;0;1;1;0;0;0;0;0;0;0;0;2;1;1;2;0;1;0;0;0;0;1;0;;;;;;;;1;4;3;;;;;;;;1;0.9;PD22;Z^;36
0;1;0;0;0;0;0;0;0;2;1;0;1;1;0;0;0;0;0;3;2;;;0;0;0;0;0;0;0;0;1;0;0;1;0;0;0;1;3;2;0;1;0;0;0;0;0;1;0.95;PD22;Z4;38
1;0;0;0;0;0;0;0;0;1;1;1;0;0;1;1;0;0;0;3;2;;;;;;;0;0;0;0;1;0;1;0;0;0;0;1;3;3;0;0;1;1;1;0;0;1;0.925;PD22;ZZ;37
1;0;0;0;1;1;0;0;0;;1;0;0;0;0;0;1;0;0;1;1;1;1;0;1;0;0;0;1;0;0;;;;;;;;1;5;5;0;1;0;0;0;0;1;3;;PD22;ZZ;
0;1;1;0;1;0;1;0;1;1;1;0;0;0;0;1;1;0;0;3;1;1;2;0;1;0;0;0;1;0;0;0;0;0;0;0;0;0;;3;2;0;0;0;1;1;0;0;1;0.7;PD22;Z4;28
1;1;1;0;1;0;1;1;1;1;1;0;0;0;0;1;1;0;0;2;1;1;1;0;1;0;0;0;1;0;0;;;;;;;;1;4;4;0;1;0;1;1;0;0;2;0.875;PD22;ZZ;35
1;1;0;0;1;0;1;0;0;1;1;1;0;0;1;1;1;0;0;3;1;1;1;0;1;1;0;0;0;0;1;;;;;;;;1;3;2;0;0;1;1;1;0;0;1;0.725;PD22;Z4;29
1;0;0;0;0;1;1;0;0;1;1;1;0;0;0;0;0;0;0;3;2;;;;;;;;;;;1;0;0;0;0;1;0;1;4;3;0;0;1;1;0;1;0;1;0.95;PD22;ZZ;38
1;1;0;0;1;0;0;0;0;1;1;1;0;0;0;0;0;0;0;3;1;2;2;0;0;0;1;0;1;0;0;;;;;;;;1;3;2;0;0;0;1;1;0;0;1;0.775;PD22;ZS;31
0;1;1;0;1;0;1;0;0;1;0;0;0;0;0;0;1;0;0;3;1;1;3;0;1;0;0;0;0;1;0;;;;;;;;1;4;3;0;0;0;0;0;0;1;2;0.575;PD22;ZO;23
1;1;0;0;0;0;1;1;0;1;1;1;0;0;0;0;0;0;0;3;2;2;;;;;;;;;;0;0;0;1;0;0;0;1;3;3;0;0;1;0;0;0;0;2;0.775;PD22;Z4;31
1;0;0;0;1;1;0;0;0;1;1;0;0;0;0;0;0;1;0;1;2;;;;;;;;;;;1;0;0;0;0;0;0;1;3;;0;0;1;0;0;0;0;2;0.75;PD22;Z6;30
1;1;0;0;0;0;1;1;1;1;1;0;0;0;0;0;0;0;0;3;1;1;2;0;1;0;0;0;0;1;0;;;;;;;;1;3;2;0;0;0;0;1;0;0;2;0.775;PD22;22;31
1;0;1;0;0;0;1;1;0;1;1;1;1;0;0;1;0;1;0;1;2;;;;;;;;;;;1;0;0;0;0;1;0;1;4;4;0;0;0;1;0;1;0;1;0.9;PD22;ZZ;36
1;0;0;0;0;0;1;1;0;1;0;1;0;1;0;0;0;0;0;3;2;;;;;;;;;;;1;0;0;0;0;0;0;1;3;3;0;0;1;0;1;0;0;2;0.875;PD22;Z1;35
1;0;1;0;0;0;0;0;0;1;1;1;1;1;0;0;0;0;0;3;2;;;;;;;;;;;0;1;1;0;0;0;0;2;4;4;0;0;1;0;0;0;0;2;0.825;PD22;Z9;33
1;1;0;0;1;1;0;0;0;1;1;1;0;0;1;0;1;1;0;3;1;1;1;0;1;0;0;0;1;0;0;;;;;;;;1;3;4;0;0;1;1;0;1;0;1;0.725;PD22;22;29
1;0;0;0;1;0;1;0;0;1;1;1;0;0;0;0;0;0;0;1;1;;;;;;;;;;;;;;;;;;;;;;;;;;;;;0.725;PD22;;29
1;0;0;0;0;0;1;0;0;1;1;0;0;0;0;0;0;0;0;3;2;;;;;;;;;;;1;0;0;0;0;0;0;;3;2;;;;;;;;2;0.575;PD22;;23
1;0;0;0;1;0;1;1;0;1;1;1;0;0;1;1;0;0;0;1;1;2;2;0;1;0;0;0;0;1;1;;;;;;;;1;3;2;1;0;0;0;0;0;0;2;0.675;PD22;ZZ;27
1;1;0;0;1;0;1;1;0;1;0;1;0;0;0;1;1;0;0;1;1;1;1;0;1;0;0;0;0;0;1;;;;;;;;1;3;4;0;0;1;1;0;0;0;2;0.775;PD22;ZZ;31
0;1;1;0;0;0;1;0;0;1;1;0;0;0;0;1;0;0;0;3;2;;;;;;;;;;;0;0;1;0;0;0;0;;3;2;0;0;0;1;1;0;0;1;0.7;PD22;ZZ;28
1;0;0;0;0;0;1;1;0;1;1;1;0;0;0;1;0;0;0;1;2;;;;;;;;;;;1;0;0;0;0;1;0;1;4;4;0;0;0;1;0;0;0;2;;PD22;ZZ;
1;0;0;0;1;1;0;1;0;1;1;0;0;0;0;0;1;1;0;3;1;1;1;0;1;0;0;1;0;1;1;;;;;;;;1;3;3;0;0;0;1;1;0;0;2;0.8;PD22;Z6;32
1;1;0;0;0;0;0;0;0;2;1;0;0;0;0;1;0;0;0;2;2;2;;;;;;;;;;1;0;1;0;0;0;0;2;3;;0;0;1;0;0;0;0;1;0.825;PD22;ZZ;33
0;1;0;0;0;0;1;0;0;1;1;1;0;0;1;0;0;0;0;1;2;;;;;;;0;0;0;0;1;0;1;1;0;0;0;1;3;2;0;0;1;0;0;0;0;1;0.825;PD22;Z4;33
1;0;0;0;0;0;0;0;0;1;1;0;0;0;0;0;0;0;0;1;2;2;;;;;;;;;;0;1;1;0;0;0;0;;3;3;0;0;0;1;0;0;0;1;0.8;PD22;ZZ;32
1;0;1;0;0;0;0;0;0;1;1;1;0;1;0;0;0;0;0;3;2;;;;;;;;;;;1;0;0;0;0;0;0;1;4;3;0;0;0;1;1;0;0;1;0.875;PD22;24;35
1;0;0;1;0;1;1;0;0;1;1;0;1;0;1;1;1;1;0;3;2;;;;;;;;;;;1;0;0;0;0;0;0;1;3;3;0;0;1;1;0;0;0;1;0.85;PD22;ZZ;34
1;1;1;1;0;0;0;0;0;1;1;0;0;0;0;0;0;0;0;3;2;;;;;;;;;;;;;;;;;;1;2;2;0;0;0;1;1;0;0;2;0.65;PD22;Z4;26
1;1;1;0;1;0;1;0;0;1;1;0;0;0;1;1;1;0;0;1;;1;1;0;1;0;0;1;0;0;0;;;;;;;;1;3;3;0;0;1;0;0;0;0;1;0.75;PD22;ZZ;30
1;0;0;0;1;1;1;0;1;1;1;1;0;0;1;0;0;0;0;3;1;1;1;0;1;1;1;0;0;1;0;;;;;;;;1;3;2;0;0;1;1;1;0;0;2;0.6;PD22;Z6;24
1;0;0;0;0;0;1;1;0;1;1;1;0;0;1;1;1;0;0;3;2;;;;;;;;;;;1;0;0;0;0;0;0;1;4;2;1;0;0;1;0;1;0;2;0.6;PD22;Z1;24
1;0;0;0;0;0;1;0;0;1;1;0;0;0;0;1;0;0;0;1;2;;;;;;;;;;;0;0;0;0;0;0;1;1;3;3;1;0;0;0;0;0;0;1;0.725;PD22;ZZ;29
1;0;0;0;0;0;1;1;0;1;1;0;0;1;0;1;0;0;0;3;2;;;;;;;;;;;1;0;0;0;1;0;0;1;4;2;1;0;0;0;0;0;0;2;0.825;PD22;ZZ;33
0;1;0;0;1;0;1;1;0;1;1;0;0;0;0;1;1;0;0;3;1;1;3;0;1;0;0;0;0;1;0;;;;;;;;1;3;3;0;0;0;1;0;0;0;1;0.9;PD22;ZZ;36
1;0;0;0;1;0;1;1;0;1;1;0;0;0;0;1;1;0;0;3;1;1;3;0;1;0;0;0;1;0;0;0;0;0;0;0;0;0;1;3;3;0;0;1;1;1;0;0;1;0.925;PD22;ZZ;37
1;1;0;0;0;0;1;0;0;1;1;1;0;0;0;0;0;0;0;2;2;;;;;;;;;;;0;0;1;0;0;0;0;;4;2;0;1;0;0;0;0;0;2;0.8;PD22;ZZ;32
1;0;0;1;1;0;1;1;0;1;1;1;0;0;0;1;1;0;0;1;1;1;1;0;1;0;0;0;0;1;0;;;;;;;;1;4;4;0;0;0;1;1;0;0;1;0.925;PD22;ZZ;37
1;0;0;1;0;0;1;1;0;1;1;1;0;0;0;0;0;0;0;1;;;;;;;;;;;;0;0;0;1;0;0;0;;3;;0;1;1;0;0;0;0;1;;PD22;ZY;
1;0;0;0;1;0;1;0;0;1;1;1;0;0;0;0;0;0;0;1;1;1;2;0;1;0;0;0;0;1;0;;;;;;;;1;3;3;1;0;0;0;0;0;0;1;0.725;PD22;ZZ;29
1;1;0;0;0;0;0;0;0;1;1;0;0;0;0;0;0;0;0;1;2;;;;;;;;;;;0;0;0;0;0;1;0;1;3;3;1;0;0;0;0;0;0;2;0.55;PD22;ZB;22
1;0;0;0;0;0;1;1;1;1;1;0;0;1;1;1;1;0;0;3;2;;;;;;;;;;;0;0;1;0;0;0;0;1;4;4;0;0;0;1;0;1;0;2;;PD22;Z9;
1;0;0;0;1;0;1;0;0;1;1;1;0;0;0;0;0;0;0;3;1;2;2;0;0;1;0;0;1;0;0;;;;;;;;1;3;3;0;0;0;1;1;0;0;1;0.65;PD22;;26
1;0;0;0;0;0;1;0;0;1;1;1;0;0;0;1;0;0;0;3;2;;;;;;;;;;;0;0;0;0;0;0;1;;3;2;1;0;0;0;0;0;0;1;0.9;PD22;ZZ;36
1;0;0;0;1;1;1;0;0;1;0;1;0;0;1;1;1;1;0;1;1;1;2;0;1;0;0;0;1;0;0;;;;;;;;1;3;3;0;0;0;1;0;0;0;1;0.7;PD22;Z6;28
1;1;0;0;1;0;1;1;0;1;1;0;0;0;0;0;0;0;0;3;1;1;2;0;1;0;0;0;1;0;0;;;;;;;;1;3;3;0;0;0;1;1;0;0;2;0.8;PD22;ZZ;32
1;1;0;0;1;0;0;0;0;1;1;1;0;0;0;0;1;0;0;3;1;;3;0;0;1;0;0;0;0;1;;;;;;;;1;;;0;1;0;1;1;0;0;1;0.75;PD22;ZZ;30
1;0;0;1;0;0;1;1;0;1;1;1;1;0;0;1;0;0;0;3;2;;;;;;;;;;;1;0;1;0;0;0;0;1;1;1;0;1;0;1;1;0;0;1;0.775;PD22;ZZ;31
1;1;1;0;0;0;1;1;0;1;1;1;1;0;1;0;0;0;0;3;1;1;2;1;0;0;0;0;0;0;1;;;;;;;;1;3;3;1;0;0;0;0;0;0;1;0.8;PD22;ZZ;32
1;1;0;0;0;0;1;0;0;1;1;0;0;0;0;0;1;0;0;3;1;1;2;0;1;0;0;0;1;0;0;;;;;;;;1;2;2;0;1;0;0;1;0;0;2;0.725;PD22;Z4;29
1;0;0;0;0;0;1;1;0;1;1;0;0;0;1;1;0;0;0;3;2;;;0;0;0;0;;;;;1;0;1;1;0;0;0;1;3;3;0;0;1;1;0;0;0;1;0.875;PD22;ZZ;35
0;1;0;0;1;1;0;0;0;1;1;0;0;1;0;1;1;1;0;2;1;1;1;0;1;0;0;0;1;0;0;;;;;;;;1;3;3;0;0;1;1;0;1;0;1;0.825;PD22;3O;33
0;1;0;0;1;1;1;0;0;1;1;1;0;0;1;1;0;0;0;3;1;1;1;0;1;0;0;0;0;1;1;;;;;;;;1;3;4;0;0;1;1;0;0;0;1;0.85;PD22;ZZ;34
1;0;0;1;0;0;1;1;0;1;0;1;0;1;0;1;0;0;0;2;2;;;;;;;;;;;1;0;0;1;0;0;0;2;3;3;0;1;0;1;1;0;0;2;0.875;PD22;ZZ;35
1;0;0;1;0;0;0;0;0;1;1;1;0;0;0;0;0;0;0;3;2;;;;;;;;;;;1;0;0;0;0;0;0;1;3;2;0;1;0;0;1;0;0;2;0.825;PD22;ZL;33
1;0;0;0;0;0;1;0;0;1;1;1;0;0;0;1;0;0;0;3;2;;;;;;;;;;;1;0;0;0;0;0;0;1;2;2;0;0;0;1;0;0;0;2;0.825;PD22;Z9;33
1;1;1;1;0;0;1;1;0;1;1;1;0;0;0;1;0;0;0;1;2;;;;;;;;;;;1;0;0;0;0;1;0;1;3;3;0;0;1;1;1;0;0;1;0.75;PD22;Z5;30
1;0;0;0;0;0;1;0;1;1;1;0;0;0;1;1;0;0;0;3;2;;;;;;;;;;;1;0;1;0;0;0;0;1;4;3;0;0;0;1;0;0;0;1;0.975;PD22;Z8;39
1;0;0;0;0;0;1;0;0;1;1;1;1;1;1;1;1;0;0;3;2;;;;;;;;;;;1;0;0;0;0;0;0;1;3;3;0;1;0;0;0;0;0;1;0.575;PD22;Z6;23
1;0;0;0;1;0;1;1;1;1;1;1;0;0;1;1;1;0;0;3;1;1;2;0;0;1;0;0;0;0;1;;;;;;;;1;4;3;1;0;0;0;0;0;0;1;0.925;PD22;Z5;37
1;0;1;0;1;0;1;1;0;1;0;1;0;1;1;1;1;0;0;3;1;1;1;0;1;1;0;0;0;1;0;;;;;;;;1;2;2;0;0;1;1;0;0;0;2;0.6;PD22;Z7;24
1;0;0;0;1;1;1;1;0;1;1;0;0;1;0;1;0;1;0;2;1;2;1;0;0;1;0;0;0;1;0;;;;;;;;;2;2;0;0;0;0;1;0;0;1;0.625;PD22;ZZ;25
1;0;0;0;0;0;1;0;0;1;1;1;0;0;0;1;0;0;0;1;2;;;;;;;;;;;0;0;0;0;0;0;1;1;2;2;0;0;1;0;0;0;0;1;0.85;PD22;Z4;34
1;0;0;0;0;0;1;0;0;1;1;1;0;1;0;1;0;0;0;3;2;;;;;;;;;;;0;1;0;1;0;0;0;;3;3;0;0;0;0;1;0;0;1;0.55;PD22;ZZ;22
1;0;0;0;1;0;1;1;0;1;1;0;0;0;0;1;1;0;0;3;1;1;2;0;1;1;0;0;1;0;0;;;;;;;;1;3;;1;0;0;0;0;0;0;2;0.8;PD22;Z1;32
1;1;0;0;0;0;1;1;0;1;1;1;0;0;1;1;1;0;0;1;2;;;;;;;;;;;1;0;0;0;0;0;0;;3;3;0;1;0;0;0;0;0;1;0.65;PD22;33;26
1;0;0;0;1;0;0;0;0;1;1;1;1;1;1;1;1;0;0;3;1;1;3;0;1;0;0;0;0;1;0;;;;;;;;1;2;2;0;1;0;0;0;0;0;1;0.875;PD22;Z5;35
1;0;0;0;0;0;1;1;1;1;1;1;0;0;0;1;0;0;0;3;2;;;;;;;;;;;1;0;0;0;0;1;1;1;3;3;0;1;0;1;1;0;1;2;0.6;PD22;ZZ;24
1;0;0;1;0;1;1;1;0;1;0;0;0;1;0;1;0;1;0;3;1;2;3;1;1;1;0;0;1;0;1;;;;;;;;;;;;;;;;;;;0.7;PD22;;28
1;0;0;0;1;0;0;0;0;1;1;1;0;0;0;1;0;0;0;1;1;2;2;0;1;0;0;0;1;0;0;;;;;;;;2;3;3;1;0;0;0;0;0;0;1;0.7;PD22;55;28
1;1;0;0;1;0;1;0;0;1;1;1;0;0;1;1;1;0;0;1;1;1;1;1;1;1;0;1;0;0;1;;;;;;;;1;4;3;1;0;0;0;0;0;0;1;0.7;PD22;ZZ;28
1;0;0;0;1;1;1;1;0;1;1;1;0;0;1;1;1;1;0;3;1;1;1;0;1;0;0;0;0;1;0;;;;;;;;1;3;2;0;0;0;1;1;0;0;1;0.625;PD22;Z7;25
1;0;0;0;1;0;1;1;0;1;1;0;0;1;0;0;1;0;0;3;1;1;1;0;1;0;0;0;0;1;0;;;;;;;;1;3;3;0;0;1;1;0;1;0;1;0.75;PD22;Z7;30
1;0;0;0;1;0;0;1;0;1;1;1;1;0;0;0;1;0;0;1;;1;1;0;1;0;0;0;0;1;1;;;;;;;;1;4;4;0;0;1;0;0;0;0;2;0.825;PD22;Z^;33
0;1;0;0;0;0;0;0;0;1;1;0;0;0;0;1;0;0;0;3;2;2;;;;;;;;;;0;0;0;0;0;0;1;1;3;3;0;0;1;0;0;0;0;1;0.7;PD22;L4;28
1;0;1;1;0;0;0;0;0;1;1;1;1;1;1;1;1;1;0;2;2;;;0;0;0;0;0;0;0;0;1;0;0;0;0;0;0;1;3;3;1;0;0;0;0;0;0;2;0.766666667;KS23;ZZ;23
1;0;1;0;1;0;1;0;0;1;1;0;0;1;0;0;0;0;0;3;1;1;3;0;1;0;0;0;1;0;0;0;0;0;0;0;0;0;1;4;3;1;0;0;0;0;0;0;1;0.866666667;KS23;ZZ;26
1;1;1;0;1;0;1;0;0;1;1;0;0;1;0;1;1;1;0;3;1;1;1;0;1;0;0;0;1;0;0;0;0;0;0;0;0;0;1;3;3;0;0;1;0;0;0;0;1;0.633333333;KS23;ZZ;19
1;0;0;0;0;0;1;0;0;1;1;1;0;0;0;1;0;0;0;3;2;;;0;0;0;0;0;0;0;0;1;0;0;0;0;0;0;1;4;2;0;0;1;1;0;0;0;2;0.466666667;KS23;Z1;14
1;0;0;0;1;1;0;0;0;1;1;0;0;0;1;0;1;1;0;1;;1;1;0;1;0;0;0;1;1;0;0;0;0;0;0;0;0;1;2;2;0;1;0;0;0;0;0;2;0.566666667;KS23;24;17
1;0;0;0;1;0;1;0;0;1;1;0;0;1;0;0;1;0;0;3;1;1;3;1;0;0;0;0;0;1;0;0;0;0;0;0;0;0;1;4;5;0;1;0;1;1;0;0;1;0.866666667;KS23;ZZ;26
1;0;0;0;0;0;1;0;0;1;1;0;0;0;0;0;0;0;0;3;2;;;0;0;0;0;0;0;0;0;1;0;0;0;0;0;0;;3;2;0;0;0;0;1;0;0;1;0.633333333;KS23;ZZ;19
1;0;0;1;0;0;1;1;0;1;1;0;1;1;0;0;1;0;0;;1;1;2;0;1;0;0;0;0;1;0;0;0;0;0;0;0;0;1;3;3;0;0;1;0;0;0;0;2;;KS23;Z1;
1;0;0;0;0;0;1;0;0;1;1;1;0;1;0;0;0;0;0;3;2;;;0;0;0;0;0;0;0;0;1;0;1;0;0;0;0;2;3;3;0;0;1;1;0;0;0;1;0.766666667;KS23;ZY;23
1;0;0;0;0;0;1;0;0;1;1;1;0;1;0;1;0;0;0;2;2;;;0;0;0;0;0;0;0;0;0;0;1;0;0;0;0;1;3;3;0;0;0;1;0;0;0;2;0.766666667;KS23;24;23
1;0;0;1;0;1;1;0;0;1;1;1;0;0;0;1;1;1;0;3;2;;;0;0;0;0;0;0;0;0;1;0;0;0;0;1;0;1;3;3;0;0;1;0;0;0;0;1;0.666666667;KS23;Z6;20
1;0;0;0;0;0;1;0;0;1;1;0;0;1;1;0;0;0;0;2;2;;;0;0;0;0;0;0;0;0;0;0;0;0;0;0;1;1;3;3;0;1;0;0;0;0;0;2;0.7;KS23;Z4;21
1;0;0;0;1;0;1;1;0;1;1;0;0;0;1;0;0;0;0;2;1;1;2;0;1;0;0;0;1;0;0;0;0;0;0;0;0;0;1;4;4;0;0;1;1;1;0;0;2;0.8;KS23;ZZ;24
1;0;0;0;0;0;0;0;0;1;1;0;0;0;0;0;0;0;0;3;2;;;0;0;0;0;0;0;0;0;0;0;0;0;0;0;1;1;3;3;1;0;0;0;0;0;0;1;0.7;KS23;32;21
1;1;1;1;0;0;1;1;0;1;1;0;0;1;1;1;0;0;0;3;2;;;0;0;0;0;0;0;0;0;0;0;1;1;0;1;0;1;3;3;0;0;0;1;1;0;0;1;0.7;KS23;ZZ;21
1;0;0;1;0;0;1;1;1;1;1;0;0;1;0;1;0;0;0;3;2;;;0;0;0;0;0;0;0;0;0;0;1;1;0;0;0;1;3;3;0;0;1;1;0;1;0;1;0.766666667;KS23;Z7;23
1;0;1;0;0;1;1;0;1;1;1;1;0;0;1;1;1;1;0;3;2;;;0;0;0;0;0;0;0;0;0;0;0;0;0;1;0;1;3;3;1;0;0;0;0;0;1;1;0.8;KS23;Z4;24
1;0;0;1;1;0;1;0;0;1;1;0;0;0;1;0;0;0;0;2;1;2;3;0;1;0;0;0;1;0;0;0;0;0;0;0;0;0;2;4;3;0;0;1;1;0;1;0;1;0.633333333;KS23;ZZ;19
0;1;0;0;1;1;1;0;0;1;1;0;0;0;0;0;1;1;0;2;1;1;1;1;1;0;0;1;0;0;0;0;0;0;0;0;0;0;1;3;3;0;0;1;1;0;1;0;1;0.6;KS23;30;18
1;0;0;0;0;0;1;0;0;1;1;0;0;1;1;1;0;0;0;3;2;;;0;0;0;0;0;0;0;0;1;0;1;0;0;0;0;1;4;4;0;0;1;1;0;1;0;1;0.966666667;KS23;Z4;29
1;0;0;0;1;0;1;1;0;1;0;0;0;1;0;0;0;0;0;3;1;1;3;0;0;1;0;0;0;0;1;0;0;0;0;0;0;0;1;3;3;1;0;0;0;0;0;0;1;0.533333333;KS23;ZZ;16
1;0;0;0;0;0;0;0;0;1;1;0;0;0;0;0;0;0;0;1;2;;;0;0;0;0;0;0;0;0;1;0;0;0;0;0;0;;3;3;0;0;1;0;0;0;0;2;0.533333333;KS23;ZO;16
1;0;0;0;0;0;1;0;0;1;0;1;0;0;1;1;0;0;0;3;2;;;0;0;0;0;0;0;0;0;0;0;0;0;1;0;0;1;2;1;0;0;1;1;1;0;0;2;0.566666667;KS23;Z1;17
0;1;0;0;0;0;1;0;0;1;1;0;0;1;1;1;0;0;0;3;2;;;0;0;0;0;0;0;0;0;0;0;1;0;0;0;0;1;3;4;0;0;0;1;1;0;0;1;0.9;KS23;Z4;27
1;0;0;1;0;0;1;0;0;1;1;0;0;1;1;1;0;0;0;3;2;;;0;0;0;0;0;0;0;0;1;0;1;0;0;0;0;1;3;2;0;0;0;1;0;1;0;2;0.566666667;KS23;Z5;17
1;0;0;0;0;0;1;0;0;1;1;1;0;1;1;1;0;0;0;3;2;;;0;0;0;0;0;0;0;0;1;0;0;0;0;1;1;1;3;3;0;0;1;0;0;0;0;1;0.933333333;KS23;ZZ;28
1;0;0;0;0;0;0;0;0;;1;1;0;1;0;1;0;0;0;3;2;;;0;0;0;0;0;0;0;0;1;0;0;0;0;0;0;1;3;3;1;0;0;0;0;0;0;1;0.9;KS23;24;27
1;0;0;1;0;0;0;0;0;1;1;1;0;1;1;1;0;0;0;;2;;;0;0;0;0;0;0;0;0;1;0;1;0;0;0;0;;4;3;0;1;0;1;0;0;0;1;0.8;KS23;ZO;24
1;0;0;0;1;0;1;0;1;1;1;1;0;0;1;1;1;0;0;3;1;1;3;1;0;1;0;0;0;1;0;0;0;0;0;0;0;0;1;3;3;0;0;0;1;0;0;0;1;0.933333333;KS23;Z6;28
1;0;0;0;0;0;1;0;0;1;1;0;0;0;1;1;0;0;0;3;2;;;0;0;0;0;0;0;0;0;0;0;1;0;0;0;0;1;4;4;0;0;0;1;0;0;0;2;;KS23;ZO;
1;0;0;0;0;0;1;0;0;1;1;1;1;1;0;1;0;0;0;3;1;2;3;0;0;1;0;0;0;0;1;0;0;0;0;0;0;0;1;3;3;1;0;0;0;0;0;0;1;;KS23;;
0;1;0;0;0;0;1;0;0;1;1;0;0;1;0;0;0;0;0;3;1;1;2;0;1;0;0;0;1;1;0;0;0;0;0;0;0;0;1;3;3;1;0;0;0;0;0;0;1;0.8;KS23;ZZ;24
1;0;0;0;0;0;1;0;0;1;1;0;0;1;1;1;0;0;0;3;1;2;2;1;0;0;0;0;1;0;0;0;0;0;0;0;0;0;1;4;4;1;0;0;0;0;0;0;1;1;KS23;Z4;30
1;1;0;0;0;0;1;0;0;1;1;1;0;1;1;1;0;0;0;3;2;;;0;0;0;0;0;0;0;0;1;0;0;0;0;0;0;1;3;3;1;0;0;0;0;0;0;1;0.833333333;KS23;Z4;25
1;0;0;0;0;0;1;0;1;1;1;1;0;1;1;1;1;1;0;2;2;;;0;0;0;0;1;0;0;0;0;0;0;0;0;1;0;1;3;3;0;0;0;1;1;0;0;2;0.766666667;KS23;ZZ;23
1;0;0;0;0;0;1;0;0;1;1;1;1;1;1;1;0;0;0;3;2;;;0;0;0;0;0;0;0;0;0;0;1;0;0;1;0;1;4;4;0;0;0;1;0;0;0;1;0.933333333;KS23;Z8;28
1;1;0;1;1;0;0;0;0;1;1;1;1;1;1;1;1;1;1;2;1;1;1;1;0;0;0;1;1;1;1;0;0;0;0;0;0;0;1;4;4;0;0;1;0;0;0;0;1;0.8;KS23;Z4;24
1;0;0;0;0;0;1;0;0;1;1;0;0;1;1;0;0;0;0;2;2;;;0;0;0;0;0;0;0;0;1;0;1;0;0;1;0;2;4;3;0;0;0;1;0;0;0;1;0.833333333;KS23;23;25
1;1;0;0;0;0;1;0;0;1;1;0;0;1;0;0;0;0;0;3;2;;;0;0;0;0;0;0;0;0;0;0;0;0;0;0;1;2;3;3;1;0;0;0;0;0;0;1;0.833333333;KS23;Z5;25
1;1;0;0;0;1;0;0;1;1;1;1;0;0;1;1;1;0;1;;2;;;0;0;0;0;0;0;0;0;1;0;0;0;0;0;1;1;2;3;0;0;1;0;1;0;1;2;0.6;KS23;32;18
1;1;1;0;1;0;1;0;0;1;1;0;0;1;1;0;0;0;0;2;1;1;3;0;1;0;0;0;1;0;0;0;0;0;0;0;0;0;1;4;4;0;0;1;1;1;0;0;1;0.9;KS23;Z4;27
1;0;0;1;0;1;1;1;0;1;1;1;0;1;0;0;0;1;0;3;2;;;0;0;0;0;0;0;0;0;0;0;0;0;0;1;0;;2;3;1;0;0;0;0;0;0;2;0.733333333;KS23;Z9;22
1;0;0;0;0;0;1;0;1;1;1;1;0;0;1;1;0;0;0;3;2;;;0;0;0;0;0;0;0;0;0;0;0;0;0;0;1;1;4;3;0;0;1;1;0;0;0;1;0.6;KS23;Z9;18
1;1;0;0;0;0;1;0;0;1;1;0;0;1;0;0;1;0;0;3;1;1;3;0;1;0;0;0;1;0;0;0;0;0;0;0;0;0;1;4;4;0;1;0;0;0;1;0;2;0.933333333;KS23;Z4;28
1;0;0;1;0;0;1;0;0;1;1;1;1;1;1;1;0;0;0;3;2;;;0;0;0;0;0;0;0;0;0;0;0;0;0;1;0;1;4;3;0;0;0;1;0;0;0;1;0.933333333;KS23;Z1;28
1;0;0;0;0;0;1;0;0;1;1;1;0;1;1;1;0;0;0;3;2;;;0;0;0;0;0;0;0;0;0;0;0;0;0;0;1;1;4;3;1;0;0;0;0;0;0;1;0.933333333;KS23;ZZ;28
1;1;0;0;1;0;1;0;1;1;1;1;0;1;1;1;0;0;0;3;1;1;3;0;1;0;0;0;1;0;0;0;0;0;0;0;0;0;1;3;3;1;0;0;0;0;0;0;1;0.566666667;KS23;ZB;17
1;1;1;0;1;0;1;0;0;1;1;1;0;0;1;0;0;0;0;3;1;2;2;0;0;1;0;0;0;0;1;0;0;0;0;0;0;0;1;1;1;1;0;0;0;0;0;0;1;0.533333333;KS23;ZZ;16
1;1;1;1;0;0;1;1;0;1;1;0;0;0;1;0;0;0;0;3;1;2;2;1;0;0;0;0;1;0;0;0;0;0;0;0;0;0;2;3;3;0;0;1;0;1;0;0;1;;KS23;99;
1;1;0;0;1;0;1;0;0;1;1;0;0;0;1;1;1;0;0;3;1;1;2;0;1;0;0;0;1;0;0;0;0;0;0;0;0;0;1;2;1;0;0;1;1;1;0;0;1;0.566666667;KS23;ZZ;17
1;0;0;0;0;1;1;0;0;1;1;0;1;1;1;1;1;1;0;3;2;;;0;0;0;0;0;0;0;0;0;0;0;0;0;1;0;1;3;1;0;0;0;1;1;0;0;2;0.8;KS23;Z5;24
1;0;0;0;0;1;1;0;0;1;1;0;0;0;1;1;0;1;0;;2;;;0;0;0;0;0;0;0;0;0;0;0;0;0;1;0;1;3;3;1;0;1;0;0;0;0;1;0.9;KS23;ZZ;27
1;1;0;0;1;0;1;0;0;1;1;1;0;0;1;1;0;0;0;3;1;1;2;1;0;1;0;0;0;0;1;0;0;0;0;0;0;0;1;3;3;0;0;1;1;0;0;0;1;0.6;KS23;Z4;18
1;0;0;1;1;1;1;0;0;1;1;1;0;0;0;0;1;0;0;3;1;1;2;0;1;1;0;0;0;1;1;0;0;0;0;0;0;0;1;3;3;0;0;1;1;0;0;0;1;0.766666667;KS23;ZS;23
1;1;0;0;1;1;1;0;0;1;1;1;0;0;1;0;1;1;0;3;1;1;2;0;1;1;0;0;1;0;0;0;0;0;0;0;0;0;1;3;4;0;0;1;1;0;1;0;1;0.766666667;KS23;ZZ;23
1;0;0;0;0;0;1;0;0;1;1;0;0;1;1;0;0;0;0;3;2;;;0;0;0;0;0;0;0;0;0;1;0;0;0;0;0;;3;2;1;0;0;0;0;0;0;2;0.733333333;KS23;29;22
1;1;1;0;1;0;1;1;0;;1;1;0;0;1;1;0;0;0;3;1;1;2;0;1;0;0;1;0;0;0;0;0;0;0;0;0;0;1;3;3;0;0;1;1;1;0;0;1;0.766666667;KS23;ZZ;23
1;0;1;0;0;0;1;0;0;1;1;1;0;0;1;1;1;0;0;3;1;1;3;0;0;0;1;0;0;0;0;0;0;0;0;0;0;0;1;;3;0;0;1;1;1;0;0;1;0.933333333;KS23;ZZ;28
1;0;0;0;1;1;1;0;0;1;1;1;0;0;0;0;0;0;0;1;1;1;1;0;1;0;0;0;1;0;0;0;0;0;0;0;0;0;1;2;1;1;0;0;0;0;0;0;2;0.566666667;KS23;Z8;17
0;1;0;0;0;0;1;1;0;1;1;1;0;1;0;0;0;0;0;3;2;;;0;0;0;0;0;0;0;0;0;0;0;0;0;0;0;1;;;0;0;0;0;1;0;0;1;0.8;KS23;Z1;24
1;0;0;0;0;0;1;1;0;;1;0;0;0;0;0;0;0;0;3;2;;;0;0;0;0;0;0;0;0;1;0;0;0;0;0;0;;3;3;1;0;0;0;0;0;0;2;0.666666667;KS23;;20
1;0;0;0;0;0;1;0;0;2;1;1;0;0;0;1;0;0;0;3;2;;;0;0;0;0;0;0;0;0;1;0;0;0;0;0;0;1;3;3;0;1;0;0;0;0;0;2;;KS23;Z6;
1;1;1;0;0;0;1;0;0;;1;0;0;1;1;0;0;0;0;2;2;;;0;0;0;0;0;0;0;0;0;0;0;1;0;0;0;1;5;4;0;0;0;1;0;0;0;2;0.733333333;KS23;27;22
1;0;0;0;1;0;1;0;0;1;1;0;0;1;0;0;0;0;0;3;2;;;0;0;0;0;0;0;0;0;1;0;0;0;0;0;1;1;4;;1;0;0;0;0;0;0;2;0.766666667;KS23;ZO;23
1;0;0;1;1;1;1;0;0;1;1;0;0;1;0;0;0;1;0;2;1;2;1;1;0;0;0;0;1;0;0;0;0;0;0;0;0;0;1;3;3;0;0;0;1;0;0;0;2;0.866666667;KS23;Z7;26
0;1;0;0;0;0;1;1;0;1;1;0;0;1;0;0;0;0;0;2;2;;;0;0;0;0;0;0;0;0;0;0;0;0;0;0;0;1;3;3;0;0;0;1;1;0;0;2;;KS23;27;
1;0;0;0;0;1;1;0;0;1;1;1;0;1;1;1;0;1;0;3;2;;;0;0;0;0;0;0;0;0;0;0;0;0;0;1;0;1;3;3;0;0;0;1;0;0;0;1;0.866666667;KS23;ZZ;26
1;0;0;1;0;0;1;0;1;1;1;0;0;1;0;0;0;0;0;2;2;;;0;0;0;0;0;0;0;0;0;0;1;0;0;0;1;1;4;4;1;0;0;0;0;0;0;1;0.833333333;KS23;ZZ;25
1;0;0;0;0;0;1;0;0;1;1;0;0;1;0;0;0;0;0;3;2;;;0;0;0;0;0;0;0;0;1;0;0;0;0;0;0;;3;3;1;0;0;0;0;0;0;1;0.733333333;KS23;Z4;22
1;0;0;0;0;1;0;0;0;1;1;1;0;0;0;0;0;1;0;3;;;;0;0;0;0;0;0;0;0;0;0;0;0;0;0;0;;;;0;0;0;0;0;0;0;;0.7;KS23;;21
1;1;0;1;0;0;1;0;0;1;1;0;0;0;0;1;0;0;0;1;;;;0;0;0;0;0;0;0;0;1;0;0;1;0;0;0;1;4;3;1;0;1;0;0;0;0;1;0.866666667;KS23;Z5;26
1;1;1;1;0;0;1;1;0;1;1;1;0;1;1;1;1;0;0;3;2;;;0;0;0;0;0;0;0;0;1;0;0;0;0;0;0;1;3;3;0;0;0;1;1;0;0;1;0.733333333;KS23;Z6;22
1;1;0;0;1;0;1;1;1;1;1;1;1;1;1;1;1;0;0;2;1;1;3;0;0;1;0;0;1;0;1;0;0;0;0;0;0;0;1;3;4;0;0;0;1;1;0;0;1;0.766666667;KS23;Z5;23
1;1;0;0;0;0;1;0;1;1;1;1;0;0;1;0;0;0;0;3;2;;;0;0;0;0;0;0;0;0;1;0;0;0;0;0;1;1;4;3;0;0;0;1;0;0;0;2;0.633333333;KS23;Z4;19
1;1;0;0;0;1;1;0;0;1;1;0;0;1;1;1;1;1;0;2;2;;;0;0;0;0;0;0;0;0;1;0;0;0;0;1;0;1;3;3;0;0;0;1;0;0;0;1;0.833333333;KS23;23;25
1;1;0;0;0;0;1;0;0;1;1;0;0;0;0;1;0;0;0;3;1;2;3;0;0;1;0;0;0;0;1;0;0;0;0;0;0;0;1;4;4;0;0;1;0;0;0;0;1;0.9;KS23;ZZ;27
1;0;0;0;0;0;1;0;1;1;1;1;0;1;1;1;0;0;0;2;2;;;0;0;0;0;0;0;0;0;1;0;0;0;0;0;1;1;3;3;1;0;0;0;0;0;0;2;0.666666667;KS23;ZY;20
1;0;1;0;0;0;1;0;0;1;1;1;1;1;0;0;0;0;0;3;2;;;0;0;0;0;0;0;0;0;0;1;0;0;0;0;0;;4;4;0;0;1;0;0;0;0;2;0.933333333;KS23;30;28
0;1;0;0;0;0;1;0;0;1;1;1;1;0;1;1;0;0;0;1;;;;0;0;0;0;0;0;0;0;1;0;0;0;0;0;0;1;3;3;1;0;0;0;0;0;0;1;0.933333333;KS23;Z5;28
1;0;0;0;0;1;1;0;0;1;1;0;0;0;0;1;0;1;0;1;2;;;0;0;0;0;0;0;0;0;0;0;0;0;0;0;1;1;3;4;0;0;0;1;0;1;0;2;0.633333333;KS23;26;19
1;0;0;0;0;0;0;0;0;1;1;0;0;0;0;1;0;0;1;2;2;;;0;0;0;0;0;0;0;0;0;0;1;0;0;0;0;;3;3;0;0;0;0;0;0;0;1;0.566666667;KS23;Z8;17
1;1;0;1;1;1;1;0;0;1;1;1;0;1;1;0;1;1;0;3;1;1;2;0;1;0;0;0;0;1;1;0;0;0;0;0;0;0;1;4;4;0;0;0;1;0;0;0;1;0.666666667;KS23;ZZ;20
1;0;0;0;1;0;1;0;0;1;1;1;0;0;0;1;1;0;0;3;1;1;3;0;1;0;0;0;1;0;0;0;0;0;0;0;0;0;1;3;2;0;0;0;1;0;0;0;1;0.633333333;KS23;ZZ;19
1;0;0;0;1;1;1;0;0;1;1;0;0;0;1;1;1;1;0;3;1;1;1;0;1;0;0;0;1;0;0;0;0;0;0;0;0;0;1;1;1;1;0;0;0;0;0;0;1;0.666666667;KS23;23;20
1;0;1;0;0;0;1;0;1;1;1;1;1;0;1;1;1;0;0;3;2;;;0;0;0;0;0;0;0;0;0;0;1;0;0;1;0;1;4;4;0;0;1;1;0;0;0;1;0.866666667;KS23;ZZ;26
1;0;0;0;0;0;1;0;0;1;1;1;0;1;0;0;0;0;0;3;2;;;0;0;0;0;0;0;0;0;0;0;0;0;0;0;1;1;1;1;0;1;0;1;0;0;0;1;0.833333333;KS23;Z5;25
1;1;0;0;0;0;1;0;0;1;1;0;0;0;0;1;0;0;0;2;2;;;0;0;0;0;0;0;0;0;0;0;1;0;0;0;0;1;3;3;1;0;0;0;0;0;0;2;0.766666667;KS23;ZZ;23
1;0;0;0;0;0;1;1;0;1;0;0;0;1;1;1;0;0;0;3;2;;;0;0;0;0;0;0;0;0;0;1;1;0;0;0;0;1;3;3;1;0;0;0;0;0;0;2;0.633333333;KS23;ZZ;19
1;0;0;0;0;0;1;1;1;1;1;1;0;0;1;1;0;0;0;3;2;;;0;0;0;0;0;0;0;0;0;0;1;0;0;0;1;1;3;3;0;0;1;1;0;0;0;1;0.866666667;KS23;ZJ;26
1;0;0;0;0;0;0;1;0;;1;0;0;0;0;1;0;0;0;3;2;;;0;0;0;0;0;0;0;0;1;1;0;0;0;0;0;;;;1;0;0;0;0;0;0;1;0.725;PD23;Z4;29
1;0;0;0;0;0;1;1;1;1;1;1;0;1;0;1;0;0;0;3;2;;;0;0;0;0;0;0;0;0;0;0;0;0;0;0;1;1;1;1;0;0;0;1;0;1;0;1;0.825;PD23;Z5;33
1;0;0;0;0;0;1;0;0;2;1;0;1;1;0;1;0;0;0;3;2;;;0;0;0;0;0;0;0;0;1;0;0;0;0;0;0;1;2;2;0;0;1;0;0;0;0;1;0.9;PD23;ZZ;36
1;1;0;0;1;0;1;1;0;1;1;1;0;1;0;1;0;0;0;2;1;2;3;0;1;0;0;0;1;0;0;0;0;0;0;0;0;0;1;3;3;0;0;1;1;0;1;0;2;0.825;PD23;Z1;33
1;0;0;0;0;0;0;1;0;1;1;0;0;0;0;0;0;0;0;1;;;;0;0;0;0;0;0;0;0;1;1;1;0;0;0;0;;2;2;0;0;1;0;0;0;0;2;0.925;PD23;Z4;37
1;1;0;0;1;0;1;1;0;1;1;1;1;1;1;1;1;0;0;;1;1;2;1;1;0;0;1;1;0;0;0;0;0;0;0;0;0;1;3;2;0;0;1;1;1;0;0;1;0.75;PD23;ZZ;30
1;1;0;0;0;0;1;1;1;;1;1;1;1;1;1;0;0;0;2;2;;;0;0;0;0;0;0;0;0;0;0;1;0;0;0;0;1;4;4;0;0;1;0;0;0;0;2;0.925;PD23;ZZ;37
1;0;0;0;0;0;1;1;1;1;1;1;0;0;1;1;0;0;0;3;2;;;0;0;0;0;0;0;0;0;0;1;0;0;0;0;0;1;3;3;0;0;0;1;0;1;0;1;0.8;PD23;ZZ;32
0;1;0;0;1;0;1;1;0;2;1;1;0;0;1;1;0;0;0;3;1;2;2;0;1;0;0;0;1;0;0;0;0;0;0;0;0;0;1;3;2;0;0;1;0;0;0;0;2;0.7;PD23;Z1;28
1;1;0;0;1;1;1;1;0;1;1;1;0;0;0;1;1;1;0;1;1;2;3;0;1;0;0;0;1;0;0;0;0;0;0;0;0;0;1;3;3;0;0;0;1;0;0;0;1;0.825;PD23;Z4;33
1;1;0;0;0;0;0;1;0;1;1;1;0;0;1;1;0;0;0;3;2;;;0;0;0;0;0;0;0;0;0;1;0;0;0;0;0;1;4;3;0;1;0;0;0;0;0;2;0.85;PD23;ZZ;34
1;0;0;1;1;0;1;1;0;1;1;1;0;1;1;1;1;0;0;3;1;1;1;0;1;0;0;0;1;0;0;0;0;0;0;0;0;0;1;2;2;0;0;0;1;1;0;1;1;0.7;PD23;Z1;28
1;0;0;0;0;0;1;1;0;1;1;0;0;1;1;1;0;0;0;2;2;;;0;0;0;0;0;0;0;0;1;0;0;0;0;0;0;1;5;4;0;0;0;0;0;0;0;2;0.675;PD23;21;27
1;0;0;1;1;0;0;1;1;1;1;1;0;0;1;1;1;0;0;1;1;2;1;0;1;0;0;0;0;1;1;0;0;0;0;0;0;0;1;4;2;0;1;0;1;0;0;0;1;0.575;PD23;Z1;23
1;1;0;0;0;1;0;1;0;1;1;1;0;0;0;1;0;1;0;3;2;;;0;0;0;0;0;0;0;0;1;0;1;0;0;1;0;1;4;3;0;0;1;1;0;0;0;2;0.825;PD23;ZZ;33
1;0;0;0;0;0;0;1;0;1;1;0;0;0;0;1;0;0;0;3;2;;;0;0;0;0;0;0;0;0;1;0;0;0;0;0;0;;3;2;0;0;0;1;0;0;0;2;0.6;PD23;ZS;24
1;0;0;1;1;0;1;1;0;1;1;1;0;1;0;1;1;0;1;3;1;1;2;0;1;0;0;0;1;1;0;0;0;0;0;0;0;0;1;3;3;0;0;0;1;1;0;0;2;0.85;PD23;ZZ;34
1;0;0;0;1;1;0;1;0;1;0;1;0;1;1;1;1;0;0;3;1;1;2;0;1;0;0;0;0;1;0;0;0;0;0;0;0;0;1;3;3;0;0;0;1;0;0;0;1;0.825;PD23;ZZ;33
1;0;1;0;0;0;1;1;1;1;1;0;0;1;1;1;0;0;0;2;2;;;0;0;0;0;0;0;0;0;0;1;1;0;0;0;0;1;4;4;1;0;0;0;0;0;0;2;0.9;PD23;ZZ;36
1;1;0;0;0;0;1;1;0;1;1;1;0;0;1;1;1;0;0;3;2;;;0;0;0;0;0;0;0;0;1;0;0;1;0;0;1;1;4;3;0;0;0;0;1;0;0;1;0.925;PD23;ZZ;37
1;0;0;1;0;0;1;1;0;1;1;1;0;0;1;1;0;0;0;3;2;;;0;0;0;0;0;0;0;0;0;0;1;0;0;1;0;2;3;3;0;0;0;1;1;0;0;1;0.825;PD23;Z1;33
1;0;0;0;0;0;1;1;1;1;1;0;0;0;0;1;0;0;0;3;1;2;2;1;0;1;0;0;1;0;0;0;0;0;0;0;0;0;2;4;4;0;0;1;1;1;0;0;1;0.85;PD23;ZZ;34
1;0;0;0;0;1;1;1;0;1;1;1;0;1;1;1;1;1;0;3;2;;;0;0;0;0;0;0;0;0;1;0;1;0;0;1;0;1;3;2;0;0;1;1;0;0;0;2;0.8;PD23;Z4;32
1;0;0;0;0;0;1;1;0;1;1;0;0;0;0;1;0;0;0;3;2;;;0;0;0;0;0;0;0;0;1;0;0;0;0;0;0;1;3;3;0;0;0;1;1;0;0;1;0.9;PD23;ZZ;36
1;0;0;0;0;1;0;1;0;1;1;0;0;0;0;0;0;1;0;2;2;;;0;0;0;0;0;0;0;0;0;0;0;0;0;1;0;1;4;4;0;0;1;1;0;1;0;2;0.875;PD23;ZZ;35
1;0;0;0;0;0;0;1;1;1;1;1;0;0;1;1;0;0;0;3;2;;;0;0;0;0;0;0;0;0;1;0;0;0;0;0;0;1;1;1;0;0;1;1;1;0;0;1;0.6;PD23;ZZ;24
1;0;0;0;0;0;1;1;0;1;1;0;0;0;0;1;0;0;0;3;2;;;0;0;0;0;0;0;0;0;0;0;1;0;0;0;0;1;3;3;0;0;1;1;0;0;0;1;0.925;PD23;ZZ;37
1;1;0;0;0;0;0;1;0;1;1;0;0;1;1;1;0;0;0;1;2;;;0;0;0;0;0;0;0;0;0;0;1;1;0;0;0;1;3;3;1;0;0;0;0;0;0;1;0.825;PD23;ZZ;33
1;0;0;0;0;0;0;1;1;2;1;1;1;0;1;1;0;0;0;1;2;;;0;0;0;0;0;0;0;0;1;0;0;0;0;0;0;1;3;3;0;0;1;0;0;1;1;1;0.825;PD23;ZO;33
1;0;0;0;0;1;0;1;0;1;1;1;0;0;0;1;0;1;0;1;2;;;0;0;0;0;0;0;0;0;0;0;0;0;0;1;1;1;4;3;1;0;0;0;0;0;0;2;0.9;PD23;Z4;36
1;0;1;0;1;1;0;1;0;1;1;0;0;0;0;0;0;1;0;3;1;2;1;1;0;0;0;0;1;0;0;0;0;0;0;0;0;0;;5;4;0;1;0;0;0;0;0;2;0.8;PD23;Z6;32
1;1;0;0;0;0;1;1;1;1;1;0;0;1;1;1;1;1;0;2;2;;;0;0;0;0;0;0;0;0;1;0;1;1;0;1;1;1;4;4;1;0;0;0;0;0;0;1;0.65;PD23;Z4;26
1;0;0;0;1;0;0;1;0;1;1;0;0;0;0;1;1;1;0;1;1;1;1;0;1;0;0;0;0;1;1;0;0;0;0;0;0;0;1;3;2;1;0;0;0;0;0;0;1;0.825;PD23;Z1;33
1;0;0;0;1;1;0;1;0;1;1;0;0;0;1;1;1;1;0;3;1;1;3;0;1;0;0;0;1;0;0;0;0;0;0;0;0;0;1;4;3;1;0;0;0;0;0;0;2;0.8;PD23;Z1;32
1;0;0;1;1;1;1;1;0;1;1;1;0;0;1;1;1;1;0;3;1;1;2;0;1;1;0;0;1;1;1;0;0;0;0;0;0;0;1;3;3;0;0;1;1;0;1;0;2;0.675;PD23;ZZ;27
1;0;0;0;1;0;0;0;0;1;1;1;0;0;0;1;1;0;0;1;1;1;2;0;1;0;0;0;1;0;0;0;0;0;0;0;0;0;1;3;3;0;0;1;1;1;0;0;2;0.85;PD23;ZZ;34
1;0;0;0;0;0;0;0;0;1;1;0;0;0;0;0;0;0;0;1;;;;0;0;0;0;0;0;0;0;1;0;0;0;0;0;0;1;3;3;0;0;0;1;0;0;0;1;0.85;PD23;ZZ;34
1;0;0;0;1;0;0;0;0;1;1;1;0;0;0;0;1;0;0;1;1;1;1;0;1;0;0;0;1;1;0;0;0;0;0;0;0;0;1;3;;0;0;0;1;0;1;0;1;0.675;PD23;ZZ;27
1;0;0;0;1;0;1;1;0;1;1;0;0;0;1;1;1;0;0;3;1;1;1;0;1;0;0;1;0;0;0;0;0;0;0;0;0;0;1;3;3;0;0;0;1;1;0;0;1;0.95;PD23;ZZ;38
0;1;0;1;0;0;0;1;1;1;1;1;0;1;0;1;0;0;0;3;2;;;0;0;0;0;0;0;0;0;0;0;0;0;0;0;1;1;3;3;0;0;1;1;0;0;0;1;0.7;PD23;ZQ;28
1;1;0;0;0;0;0;1;0;1;1;1;0;0;1;1;0;0;0;3;2;;;0;0;0;0;0;0;0;0;0;1;0;0;0;0;0;1;3;4;0;0;1;0;0;0;0;1;0.875;PD23;Z1;35
1;0;0;0;0;0;0;1;0;1;1;0;0;0;0;1;0;0;0;1;2;;;0;0;0;0;0;0;0;0;1;0;0;0;0;0;0;1;2;2;0;1;0;1;1;0;0;1;0.875;PD23;ZZ;35
1;0;0;0;1;1;0;0;0;1;1;1;0;0;1;1;1;1;0;3;1;1;1;0;1;0;0;0;0;1;0;0;0;0;0;0;0;0;1;4;4;0;0;0;1;0;1;1;1;0.9;PD23;ZZ;36
1;0;0;0;0;0;0;1;0;1;1;1;0;0;0;1;0;0;0;3;2;;;0;0;0;0;0;0;0;0;1;0;0;1;0;0;0;1;4;3;0;0;1;1;0;0;0;2;0.85;PD23;ZZ;34
1;0;0;0;0;1;0;1;0;1;0;0;0;0;0;1;0;1;0;1;;;;0;0;0;0;0;0;0;0;1;0;0;0;0;1;0;;3;2;0;0;0;1;0;0;0;2;;PD23;ZZ;
0;1;0;0;0;0;0;1;1;1;1;0;0;1;0;1;0;0;0;2;2;;;0;0;0;0;0;0;0;0;0;0;1;0;0;0;0;1;4;3;0;0;0;1;1;0;0;2;0.925;PD23;ZZ;37
0;1;1;0;1;1;1;1;0;1;1;1;0;1;1;1;1;1;0;2;1;1;2;1;1;1;0;0;0;1;1;0;0;0;0;0;0;0;1;3;5;0;0;0;1;1;0;0;1;;PD23;Z4;
1;0;0;1;0;0;1;1;1;1;1;1;0;1;0;1;0;0;0;3;2;;;0;0;0;0;0;0;0;0;0;0;1;1;0;0;0;;3;3;0;0;0;1;1;0;0;1;0.825;PD23;Z4;33
1;0;0;0;1;0;0;1;0;2;0;0;0;0;1;1;0;0;0;2;1;2;1;0;1;0;0;0;1;0;0;0;0;0;0;0;0;0;1;3;1;0;1;0;0;0;0;0;2;0.75;PD23;ZZ;30
1;0;0;0;0;0;0;1;1;1;1;1;1;0;1;1;0;0;0;1;2;;;0;0;0;0;0;0;0;0;1;0;1;0;0;0;0;1;3;3;0;0;1;1;0;0;0;2;0.8;PD23;ZO;32
1;1;0;0;1;0;0;1;0;1;0;0;0;0;1;1;0;1;0;3;1;1;2;0;1;1;0;0;0;0;1;0;0;0;0;0;0;0;1;3;3;0;1;0;0;0;1;0;2;0.8;PD23;ZZ;32
1;0;1;0;0;0;0;1;0;1;1;0;0;0;0;0;0;0;0;3;2;;;0;0;0;0;0;0;0;0;0;1;0;0;0;0;0;1;4;2;1;0;0;0;0;0;0;1;0.7;PD23;ZZ;28
1;0;0;0;0;0;0;0;0;2;1;0;0;0;0;0;0;0;0;3;2;;;0;0;0;0;0;0;0;0;1;0;0;0;0;0;0;1;2;2;0;0;1;0;0;0;0;2;0.875;PD23;21;35
1;0;0;0;0;0;0;1;0;1;1;0;0;0;1;0;0;0;0;1;2;;;0;0;0;0;0;0;0;0;0;1;1;0;0;0;0;2;4;3;0;0;1;1;0;0;0;1;0.85;PD23;ZY;34
1;0;0;1;1;1;0;1;0;1;1;0;0;0;0;1;1;1;0;3;1;1;1;0;1;0;0;0;1;1;0;0;0;0;0;0;0;0;1;3;3;0;1;0;1;1;0;0;2;0.9;PD23;ZZ;36
1;0;1;0;1;0;1;1;0;1;1;0;0;0;1;1;0;0;0;1;1;2;3;0;0;0;1;0;0;0;1;0;0;0;0;0;0;0;1;3;3;1;0;0;0;0;0;0;1;0.7;PD23;Z5;28
1;0;0;0;0;1;1;1;0;1;1;1;0;0;1;1;1;1;0;3;2;;;0;0;0;0;0;0;0;0;0;0;0;0;0;1;0;1;3;3;1;0;0;0;0;0;0;2;0.925;PD23;ZZ;37
1;0;0;1;0;0;1;0;0;1;1;0;0;0;0;0;1;0;0;3;1;1;1;0;1;0;0;0;1;0;0;0;0;0;0;0;0;0;1;4;3;0;1;0;0;0;0;0;1;0.5;PD23;ZZ;20
1;0;0;0;1;0;1;1;0;1;1;0;0;0;0;0;0;0;0;2;1;2;1;0;1;0;0;0;1;0;0;0;0;0;0;0;0;0;1;3;3;0;0;0;1;0;0;0;1;0.775;PD23;ZZ;31
0;1;0;0;0;0;1;1;1;1;1;1;0;1;1;1;0;0;0;2;2;;;0;0;0;0;0;0;0;0;0;0;1;0;0;0;0;1;5;4;0;0;1;1;0;0;0;2;0.925;PD23;ZZ;37
1;1;0;0;1;0;1;1;0;1;1;1;1;0;1;1;1;0;0;1;;1;1;0;1;0;0;0;1;0;0;0;0;0;0;0;0;0;1;3;3;0;0;1;1;0;0;0;1;0.625;PD23;ZZ;25
1;0;0;1;0;0;1;1;0;1;0;0;0;0;1;1;1;0;0;3;2;;;0;0;0;0;0;0;0;0;1;0;0;1;0;0;0;1;3;2;0;1;0;1;0;0;0;1;0.6;PD23;Z9;24
1;1;1;0;1;0;0;1;0;1;1;1;1;1;1;1;1;1;1;3;1;2;2;0;1;0;0;1;0;0;0;0;0;0;0;0;0;0;1;3;3;0;1;0;1;0;1;0;2;0.775;PD23;Z9;31
1;0;0;0;0;0;0;1;0;1;1;1;0;1;0;1;0;0;0;3;2;;;0;0;0;0;0;0;0;0;1;0;1;0;0;0;0;1;3;3;0;0;0;1;1;0;0;1;0.975;PD23;ZZ;39
0;1;0;0;0;0;0;1;0;1;1;1;0;0;1;1;1;0;0;1;1;1;2;0;1;1;0;0;0;1;0;0;0;0;0;0;0;0;1;3;2;0;0;0;1;0;0;0;1;;PD23;ZR;
1;0;0;0;1;0;1;0;0;1;0;1;1;0;0;1;1;0;0;3;1;1;1;0;1;1;0;0;0;0;1;0;0;0;0;0;0;0;1;3;2;1;0;0;0;0;0;0;1;0.65;PD23;ZZ;26
1;0;1;0;0;0;0;1;1;1;1;1;1;1;0;1;0;0;0;3;2;;;0;0;0;0;0;0;0;0;0;0;1;0;0;0;1;1;5;4;0;0;1;0;0;1;0;2;0.925;PD23;RZ;37
1;0;0;0;1;0;0;1;0;1;1;0;0;0;0;1;0;0;0;3;1;1;1;0;1;0;0;1;0;0;0;0;0;0;0;0;0;0;1;3;2;1;0;0;0;0;0;0;1;0.9;PD23;Z1;36
1;1;0;0;1;0;0;1;0;1;1;1;0;0;0;1;1;0;0;1;1;1;2;0;1;0;0;0;1;1;0;0;0;0;0;0;0;0;1;3;2;0;0;0;0;0;0;0;1;;PD23;99;
1;0;1;0;0;1;0;1;0;1;0;0;0;0;0;0;0;1;0;1;2;;;0;0;0;0;0;1;0;0;0;0;0;0;0;0;1;1;;3;0;1;0;1;0;0;0;2;0.675;PD23;ZB;27
1;0;0;0;0;0;0;1;0;1;1;1;0;0;1;1;0;0;0;3;2;;;0;0;0;0;0;0;0;0;1;0;0;0;0;0;0;1;4;4;1;0;0;0;0;0;0;2;0.875;PD23;ZZ;35
1;0;0;0;0;0;0;1;0;1;1;1;0;0;0;1;0;1;0;3;2;;;0;0;0;0;0;0;0;0;1;0;0;0;0;0;0;1;3;2;0;1;0;0;1;0;0;1;0.775;PD23;ZZ;31
1;0;1;1;1;1;1;1;0;1;1;1;0;0;1;1;1;1;0;3;1;1;2;1;1;1;0;1;1;1;0;0;0;0;0;0;0;0;1;2;2;0;0;0;1;1;0;0;2;0.575;PD23;;23
1;0;0;0;1;1;0;1;0;1;1;0;0;1;1;0;1;1;0;2;1;1;1;0;1;0;0;0;1;1;0;0;0;0;0;0;0;0;1;4;4;1;0;0;0;0;0;0;2;0.875;PD23;ZS;35
1;0;0;0;0;1;0;1;0;1;1;1;0;0;0;1;0;1;0;1;2;;;0;0;0;0;0;0;0;0;0;0;1;0;0;0;1;1;3;3;0;0;1;1;1;0;0;1;0.875;PD23;Z4;35
1;0;0;1;1;0;1;1;1;1;1;1;0;0;1;1;1;0;0;1;1;1;2;0;1;1;0;0;1;0;0;0;0;0;0;0;0;0;1;3;3;1;0;0;0;0;0;0;1;0.725;PD23;Z4;29
0;1;0;0;1;0;1;1;0;1;1;1;0;0;1;1;1;0;0;3;1;1;2;0;0;1;0;0;0;0;1;0;0;0;0;0;0;0;1;3;3;0;0;0;0;1;0;0;1;0.85;PD23;Z1;34
1;1;0;1;1;0;1;1;0;1;1;1;1;1;1;1;1;1;1;3;1;1;2;1;1;0;0;0;0;1;0;0;0;0;0;0;0;0;1;3;3;0;0;1;1;1;0;0;1;0.775;PD23;ZZ;31
1;0;0;0;1;0;0;1;0;1;1;0;0;0;1;1;0;0;0;2;1;1;2;0;1;0;0;0;1;0;0;0;0;0;0;0;0;0;1;4;4;0;0;0;1;0;0;0;1;0.8;PD23;ZZ;32
1;1;0;1;0;0;0;0;0;1;1;1;0;0;1;1;0;0;0;3;;;;0;0;0;0;0;0;0;0;1;0;0;0;0;0;0;1;3;2;0;0;0;0;0;0;0;2;0.725;PD23;Z4;29
1;1;0;0;1;1;0;1;0;1;1;0;0;0;1;1;1;1;0;3;1;1;1;0;1;0;0;0;0;1;0;0;0;0;0;0;0;0;1;3;3;1;0;0;0;0;0;0;1;0.35;PD23;Z4;14
1;0;0;0;0;1;1;1;0;1;0;0;0;0;0;0;0;1;0;3;1;2;1;0;1;0;0;1;0;0;1;1;0;0;0;0;1;0;1;2;2;1;0;0;0;0;0;0;2;0.725;PD23;ZO;29
0;1;0;0;0;0;1;1;1;1;1;1;0;0;0;1;0;0;0;2;2;;;0;0;0;0;0;0;0;0;1;0;1;1;0;0;0;1;3;2;0;1;0;0;1;0;0;1;0.675;PD23;ZZ;27
1;0;0;0;1;1;1;1;0;1;1;0;0;1;1;0;1;1;0;3;1;1;1;0;1;0;0;0;1;0;0;0;0;0;0;0;0;0;1;4;3;0;0;1;1;0;0;0;2;0.775;PD23;23;31
1;0;0;0;0;1;0;1;0;1;1;1;0;0;0;1;1;1;0;3;2;;;0;0;0;0;0;0;0;0;0;0;0;0;0;1;0;1;3;4;0;0;1;0;1;0;0;2;0.875;PD23;ZZ;35
0;1;0;0;1;1;0;1;0;1;1;1;0;1;1;1;1;1;0;3;1;1;1;0;1;1;0;0;1;0;1;0;0;0;0;0;0;0;1;3;3;0;0;1;0;0;0;0;1;0.95;PD23;Z4;38
1;1;0;0;0;1;1;1;0;1;1;1;0;0;1;1;0;0;0;3;2;;;0;0;0;0;0;0;0;0;0;0;1;0;0;1;1;1;3;3;1;0;0;0;0;0;0;2;0.65;PD23;Z1;26
0;1;0;0;0;0;0;0;0;1;1;1;0;0;0;1;0;1;0;3;2;;;0;0;0;0;0;0;0;0;0;0;0;0;0;0;1;1;3;3;0;0;0;1;0;0;0;1;0.625;PD23;ZZ;25
1;0;0;0;1;1;1;1;0;1;1;0;0;0;0;0;1;1;0;1;1;1;1;0;1;1;0;0;1;1;1;0;0;0;0;0;0;0;1;4;3;0;0;1;0;0;0;0;2;0.775;PD23;ZJ;31
1;1;1;1;0;0;0;0;0;1;1;0;0;0;0;0;0;0;0;1;;;;0;0;0;0;0;0;0;0;0;0;0;0;0;0;0;;3;3;1;0;0;0;0;0;0;1;0.45;PD23;;18
1;0;0;0;1;1;0;1;0;1;1;0;0;0;0;0;1;1;0;3;1;1;1;0;1;0;0;0;1;0;0;0;0;0;0;0;0;0;1;4;3;0;0;1;0;0;0;0;2;0.725;PD23;ZZ;29
1;0;0;1;1;1;1;1;0;2;1;1;0;1;1;1;0;0;0;3;2;;;0;0;0;0;0;0;0;0;1;1;1;0;0;0;0;1;4;3;0;0;1;0;1;0;0;1;0.8;PD23;Z1;32
0;0;0;0;0;0;0;1;0;2;0;1;1;1;0;1;0;0;0;3;2;;;0;0;0;0;0;0;0;0;0;0;0;0;0;0;0;;3;;0;0;0;0;0;0;0;1;0.8;PD23;ZZ;32
0;1;1;0;1;0;0;0;0;1;1;0;0;0;0;0;1;0;0;2;1;1;1;1;1;1;0;0;0;1;0;0;0;0;0;0;0;0;1;4;4;0;0;0;0;0;1;0;1;0.875;PD23;Z1;35
1;0;0;0;1;1;0;1;1;1;1;0;0;0;1;1;1;0;0;3;1;1;2;0;0;0;0;0;0;1;1;0;0;0;0;0;0;0;1;3;3;0;0;1;0;0;1;0;1;0.825;PD23;Z6;33
1;0;0;0;0;0;0;1;1;1;1;1;0;1;1;1;0;0;0;3;2;;;0;0;0;0;0;0;0;0;1;0;0;0;0;0;0;1;4;4;1;0;0;0;0;0;1;1;0.9;PD23;ZZ;36
1;0;0;0;1;0;0;1;1;1;1;0;0;0;1;1;1;0;0;3;1;1;2;0;1;0;0;0;0;0;1;0;0;0;0;0;0;0;1;3;3;0;0;0;1;0;0;0;1;0.75;PD23;ZZ;30
0;1;0;0;1;0;0;1;0;1;1;0;0;0;0;1;1;0;0;3;1;1;1;0;0;1;0;0;0;0;1;0;0;0;0;0;0;0;1;1;1;0;1;0;0;1;0;0;1;0.75;PD23;Z6;30
1;0;0;0;1;0;0;1;0;1;1;1;0;0;1;1;0;0;0;1;1;1;3;0;1;0;0;0;0;1;0;0;0;0;0;0;0;0;1;2;2;0;0;0;1;0;0;0;1;0.775;PD23;L4;31
1;0;0;0;0;0;0;1;0;1;1;0;0;1;0;0;0;0;0;3;2;;;0;0;0;0;0;0;0;0;0;1;0;1;0;0;0;1;5;5;1;0;0;0;0;0;0;1;0.975;PD23;ZZ;39
1;0;0;0;1;0;0;1;0;1;1;0;0;0;0;1;1;0;0;2;1;1;1;0;1;0;0;0;0;1;0;0;0;0;0;0;0;0;1;2;2;1;0;0;0;0;0;0;1;0.8;PD23;ZZ;32
1;0;1;0;0;0;1;1;1;1;1;0;0;0;1;1;0;0;0;3;2;;;0;0;0;0;0;0;0;0;0;0;0;0;0;0;1;1;3;3;1;0;0;0;0;0;0;1;0.9;PD23;ZZ;36
1;0;0;0;0;0;1;1;1;1;1;1;0;0;0;1;0;0;0;3;2;;;0;0;0;0;0;0;0;0;1;0;1;0;0;0;0;1;3;4;0;0;0;0;0;0;0;2;0.775;PD23;ZZ;31
1;0;0;0;0;0;0;1;1;1;1;0;0;1;0;1;0;0;0;3;2;;;0;0;0;0;0;0;0;0;0;0;0;1;0;0;0;1;4;3;0;0;0;1;0;0;0;2;0.75;PD23;ZZ;30
1;0;0;0;0;0;1;1;0;1;1;0;0;0;1;1;0;0;0;3;2;;;0;0;0;0;0;0;0;0;1;0;0;0;0;0;0;1;3;2;0;0;1;1;1;0;0;1;0.7;PD23;ZZ;28
1;0;0;1;0;1;1;1;0;1;1;0;0;0;0;0;0;1;0;3;2;;;0;0;0;0;0;0;0;0;0;0;0;0;0;1;0;1;3;3;0;0;0;1;0;0;0;2;0.8;PD23;ZZ;32
1;0;0;0;1;0;0;1;0;1;1;0;0;1;0;1;0;0;0;3;1;1;2;0;1;1;0;0;0;1;0;0;0;0;0;0;0;0;1;;;0;0;0;1;1;0;0;1;0.8;PD23;Z1;32
1;0;1;0;0;1;0;0;0;1;0;1;0;0;1;1;0;0;0;3;2;;;0;0;0;0;0;0;0;0;0;0;0;0;0;1;0;;;;0;0;0;0;0;0;0;;0.55;PD23;;22
1;0;0;1;1;0;1;1;0;1;1;0;0;0;1;1;1;0;0;3;1;1;1;1;0;1;0;0;1;1;1;0;0;0;0;0;0;0;;3;3;0;0;1;0;1;0;0;1;0.8;PD23;ZZ;32
1;0;0;0;0;0;0;1;1;1;1;0;0;0;1;1;1;0;0;3;2;;;0;0;0;0;0;0;0;0;0;0;0;0;0;0;1;1;3;3;0;0;0;1;0;1;0;1;0.8;PD23;ZZ;32
1;0;0;0;0;1;1;1;0;1;0;0;0;0;0;0;0;1;0;3;;;;0;0;0;0;0;0;0;0;0;0;0;0;0;1;0;1;4;4;1;0;0;0;0;0;0;2;0.875;PD23;Z4;35
1;0;1;1;1;1;0;1;0;1;1;0;0;0;0;0;0;0;0;3;1;1;2;0;1;0;0;0;0;1;0;0;0;0;0;0;0;0;1;4;3;1;0;0;0;0;0;0;2;0.85;PD23;Z1;34
1;0;0;0;0;0;1;1;0;1;1;0;0;0;1;1;0;0;0;3;2;;;0;0;0;0;0;0;0;0;1;0;0;0;0;1;0;1;3;3;1;0;0;0;0;0;0;2;0.6;PD23;ZZ;24
1;0;0;0;0;0;0;1;0;1;1;0;0;0;0;1;0;0;0;3;2;;;0;0;0;0;0;0;0;0;1;0;0;0;0;0;0;1;3;3;1;0;0;0;0;0;0;1;0.825;PD23;22;33
0;1;0;0;0;0;0;0;0;1;1;0;0;0;0;0;0;0;0;2;2;;;0;0;0;0;0;0;0;0;0;0;0;0;0;0;0;2;3;3;0;0;1;0;0;0;0;2;0.675;PD23;Z6;27
1;0;0;0;0;0;0;1;0;1;1;0;0;0;1;1;0;0;0;1;2;;;0;0;0;0;0;0;0;0;0;1;1;1;0;0;0;1;3;3;0;0;1;1;1;0;0;2;0.725;PD23;Z4;29
1;0;0;0;0;0;0;0;1;1;0;0;0;0;0;1;0;0;0;3;2;;;0;0;0;0;0;0;0;0;0;0;1;0;0;0;0;1;3;3;1;0;0;0;0;0;0;1;0.8;PD23;ZZ;32
1;0;1;0;1;0;0;1;1;1;1;1;0;0;1;0;1;0;0;1;1;1;1;1;1;1;0;0;0;1;1;0;0;0;0;0;0;0;1;3;3;0;0;1;1;0;1;0;1;0.675;PD23;Z4;27
1;0;0;1;1;0;0;1;0;1;1;1;0;1;1;1;1;0;0;3;1;1;1;0;1;0;0;0;0;1;0;0;0;0;0;0;0;0;1;3;2;1;0;0;0;0;0;0;2;0.625;PD23;Z8;25
1;0;0;0;1;0;1;1;0;2;0;0;0;0;1;1;0;0;0;3;1;2;3;0;1;0;0;0;1;0;0;0;0;0;0;0;0;0;2;2;1;0;1;0;1;1;0;0;2;0.7;PD23;JO;28
0;1;0;0;0;0;0;1;1;1;1;0;0;0;1;1;0;0;0;3;2;;;0;0;0;0;0;0;0;0;0;0;1;1;0;0;0;;3;3;0;0;1;0;0;0;0;1;0.775;PD23;ZZ;31
1;0;0;0;1;0;0;1;0;1;1;1;0;0;0;1;1;0;0;3;1;1;2;0;1;0;0;1;0;0;0;0;0;0;0;0;0;0;1;3;3;0;0;0;1;0;0;0;1;0.675;PD23;Z5;27
1;0;0;1;0;0;1;1;0;1;1;1;0;0;1;1;0;0;0;3;2;;;0;0;0;0;0;0;0;0;1;0;0;0;0;0;0;1;2;4;0;1;0;0;1;0;0;2;0.65;PD23;Z9;26
1;0;0;0;1;0;1;1;0;1;1;0;0;1;1;1;1;0;0;3;1;1;1;0;1;1;0;0;1;0;1;0;0;0;0;0;0;0;1;3;3;0;0;1;1;1;0;0;2;0.875;PD23;Z4;35
1;1;0;0;1;0;1;1;0;1;1;0;0;0;0;1;1;0;0;2;1;1;1;0;1;0;0;0;1;0;1;0;0;0;0;0;0;0;1;3;3;1;0;0;0;0;0;0;1;0.85;PD23;Z1;34
1;0;0;0;1;0;0;1;0;1;1;1;0;0;0;1;1;0;0;1;1;1;2;0;1;0;0;0;0;0;1;0;0;0;0;0;0;0;1;3;2;0;0;0;1;0;0;1;1;0.9;PD23;Z8;36
1;0;0;1;0;0;0;1;0;1;1;0;0;1;1;1;0;0;0;3;2;;;0;0;0;0;0;0;0;0;1;0;0;0;0;0;0;1;1;1;0;0;0;1;1;0;0;1;;PD23;Z6;
1;0;0;0;1;1;1;1;0;1;1;1;0;0;1;1;1;1;0;3;1;1;1;0;1;1;0;0;1;0;0;0;0;0;0;0;0;0;1;3;3;1;0;0;0;0;0;0;1;0.825;PD23;Z1;33
1;0;0;0;0;0;1;1;0;1;0;1;0;0;0;0;0;0;0;3;2;;;0;0;0;0;0;0;0;0;1;0;0;0;0;0;0;1;2;2;0;0;1;1;0;0;0;1;0.65;PD23;ZZ;26
1;0;0;0;0;0;0;1;0;1;1;1;0;1;0;1;0;0;0;3;2;;;0;0;0;0;0;0;0;0;1;0;0;1;0;0;1;1;3;3;0;0;1;1;0;0;0;1;0.95;PD23;ZZ;38
1;0;0;0;0;0;0;0;1;1;1;1;0;0;1;1;0;0;0;3;2;;;0;0;0;0;0;0;0;0;0;0;0;0;0;1;0;1;3;2;0;0;0;1;0;0;0;1;0.575;PD23;ZZ;23
0;1;0;0;1;0;0;1;0;2;1;0;0;0;0;0;0;0;0;2;2;;;0;0;0;0;0;0;0;0;1;0;0;0;0;0;0;1;2;1;1;0;0;0;0;0;0;;;PD23;XX;
1;0;0;0;1;1;1;1;0;1;1;0;0;0;1;1;1;1;0;3;1;1;1;0;1;1;0;0;1;0;0;0;0;0;0;0;0;0;1;3;3;0;0;1;0;0;0;0;1;0.925;PD23;ZZ;37
1;1;0;1;0;0;0;1;1;1;1;1;0;0;1;1;0;0;0;3;2;;;0;0;0;0;0;0;0;0;1;0;0;0;0;0;0;1;3;3;0;0;1;1;0;1;0;1;0.65;PD23;Z4;26
1;0;0;1;1;0;0;1;0;1;1;0;1;0;0;1;1;0;0;1;2;;;0;0;0;0;0;0;0;0;0;0;0;0;0;0;0;;;;0;0;0;1;0;0;0;1;0.9;PD23;Z1;36
1;1;0;0;0;0;0;1;0;1;1;1;0;1;1;0;0;0;0;3;2;1;3;1;0;0;0;0;0;1;0;0;0;1;0;0;1;0;1;3;3;0;0;1;0;0;0;0;1;0.675;PD23;ZZ;27
1;0;1;0;0;0;1;1;0;1;1;1;0;0;1;1;0;1;0;3;2;;;0;0;0;0;0;0;0;0;1;0;0;0;0;0;0;1;3;2;0;0;1;1;1;0;0;1;0.9;PD23;Z1;36
1;0;0;0;0;1;1;1;0;1;1;1;0;0;0;1;0;1;0;1;2;;;0;0;0;0;0;0;0;0;0;0;0;0;0;1;0;;4;4;0;0;1;0;1;0;0;1;0.725;PD23;Z4;29
0;1;0;0;1;0;0;1;0;1;1;0;0;0;0;1;0;0;0;3;1;;3;0;1;0;0;0;0;0;1;0;0;0;0;0;0;0;;3;2;1;0;0;0;0;0;0;1;0.55;PD23;ZZ;22
1;0;0;1;1;0;1;1;0;1;1;1;0;1;1;1;1;0;0;3;1;1;2;1;1;1;0;0;0;1;1;0;0;0;0;0;0;0;1;3;2;1;0;0;0;0;0;0;1;0.95;PD23;Z4;38
1;0;0;1;0;1;0;1;0;1;1;0;0;0;0;0;0;0;0;1;2;;;0;0;0;0;0;0;0;0;0;0;0;1;0;0;0;1;4;3;0;0;0;1;0;0;0;1;0.9;PD23;22;36
0;0;0;0;0;0;0;0;1;1;0;1;0;1;0;1;0;0;0;2;2;;;0;0;0;0;0;0;0;0;1;0;0;0;0;0;0;1;4;2;1;0;0;0;0;0;0;1;0.675;PD23;ZZ;27
1;0;0;0;1;1;1;1;0;1;1;1;1;1;1;1;1;1;1;3;1;1;3;0;0;1;0;0;0;1;1;0;0;0;0;0;0;0;1;2;2;0;0;0;0;1;0;0;1;0.8;PD23;ZZ;32
1;0;0;0;0;1;0;0;1;1;0;0;0;0;1;1;0;1;0;3;2;;;0;0;0;0;0;0;0;0;0;0;0;0;0;1;1;1;5;4;0;0;1;1;0;0;0;1;0.9;PD23;ZZ;36
1;0;0;0;0;0;0;1;0;1;0;1;0;0;1;1;0;0;0;3;2;;;0;0;0;0;0;0;0;0;0;0;0;0;0;0;0;1;4;2;0;0;0;0;1;0;0;1;0.8;PD23;ZZ;32
1;0;1;0;0;0;0;0;0;1;1;1;0;0;1;1;0;0;0;3;2;;;0;0;0;0;0;0;0;0;0;0;0;0;0;1;0;1;3;4;0;0;1;0;1;0;0;1;0.8;PD23;ZZ;32
1;0;0;0;1;0;1;1;0;1;1;0;0;0;1;1;0;0;0;3;1;1;1;0;1;0;0;0;0;1;0;0;0;0;0;0;0;0;1;3;3;0;0;1;1;0;1;0;1;0.85;PD23;ZY;34
1;1;0;0;1;0;0;1;1;1;1;0;0;0;0;1;0;0;0;3;1;2;3;0;1;0;0;0;0;1;0;0;0;0;0;0;0;0;1;4;3;1;0;0;0;0;0;0;2;0.775;PD23;30;31
1;0;0;0;0;0;0;1;0;1;1;0;0;0;0;1;0;0;0;3;2;;;0;0;0;0;0;0;0;0;1;0;1;0;0;0;0;1;2;2;0;1;0;0;1;0;0;2;;PD23;22;
0;1;0;1;1;0;1;0;1;1;1;0;0;0;1;1;1;0;0;3;1;1;2;0;1;1;0;1;0;1;0;0;0;0;0;0;0;0;1;3;3;0;0;0;1;0;1;0;1;0.675;PD23;ZO;27
1;0;0;0;0;0;1;1;0;1;1;1;0;0;0;1;0;0;0;3;2;;;0;0;0;0;0;0;0;0;0;1;0;0;0;0;0;2;3;3;0;0;0;0;0;0;0;2;0.8;PD23;Z9;32
0;1;0;0;1;0;0;0;0;1;1;0;0;1;0;0;0;0;0;3;1;1;3;1;0;0;0;0;0;0;1;0;0;0;0;0;0;0;1;2;2;0;0;0;1;0;0;0;2;0.65;PD23;ZZ;26
1;0;0;0;1;0;1;1;1;1;1;1;0;1;1;1;1;1;0;3;1;1;1;1;0;1;0;0;1;0;1;0;0;0;0;0;0;0;1;3;3;0;0;1;0;0;0;0;2;0.8;PD23;Z4;32
1;0;0;0;0;1;1;1;0;1;1;0;0;0;1;1;0;1;0;3;2;;;0;0;0;0;0;0;0;0;0;0;0;0;0;1;0;1;3;3;0;0;0;1;0;1;0;1;0.775;PD23;ZS;31
1;0;0;0;1;0;1;1;0;1;1;1;0;0;1;1;0;0;0;2;1;1;3;0;1;1;0;0;0;0;1;0;0;0;0;0;0;0;1;2;1;0;1;0;1;0;0;0;1;0.6;PD23;Z5;24
1;0;0;0;0;0;0;1;0;1;1;0;0;1;1;1;1;0;0;3;1;1;3;0;1;0;0;0;1;1;0;1;0;0;0;0;0;0;1;3;3;1;0;0;0;0;0;0;1;0.85;PD23;Z^;34
1;1;0;0;1;0;0;1;0;1;1;0;0;0;0;1;1;0;0;3;1;1;1;0;1;0;0;0;0;1;0;0;0;0;0;0;0;0;1;3;3;0;0;1;0;0;0;0;1;0.725;PD23;22;29
1;0;0;0;1;0;1;0;0;1;1;0;0;0;0;0;0;0;0;3;1;1;2;0;1;0;0;1;0;0;0;0;0;0;0;0;0;0;;2;2;0;0;0;1;0;0;0;2;0.65;PD23;ZZ;26
1;0;0;0;1;1;1;1;0;1;1;1;0;0;1;1;1;1;0;3;1;1;1;0;1;0;0;1;1;0;0;0;0;0;0;0;0;0;1;4;2;0;0;0;1;1;0;0;1;0.85;PD23;ZZ;34
1;0;0;0;1;0;0;1;0;1;1;0;0;0;1;1;1;0;0;2;1;1;2;0;1;1;0;0;0;1;0;0;0;0;0;0;0;0;1;3;3;0;0;1;1;1;0;0;1;0.875;PD23;ZZ;35
1;0;0;0;1;1;0;1;0;1;1;1;0;0;1;1;1;1;0;1;1;1;2;0;0;1;0;0;1;0;1;0;0;0;0;0;0;0;1;4;2;0;0;0;0;0;0;0;1;0.75;PD23;ZU;30
1;0;0;0;1;0;0;1;0;1;1;0;0;0;1;1;1;0;0;3;1;1;2;0;1;1;0;0;1;0;0;0;0;0;0;0;0;0;1;3;3;0;0;0;1;0;0;0;1;0.95;PD23;ZZ;38
0;1;0;0;1;0;1;1;0;;1;1;0;1;1;0;0;0;0;3;1;1;1;0;1;0;0;0;1;0;0;0;0;0;0;0;0;0;1;;;0;0;0;1;0;0;0;1;0.5;PD23;Z5;20
1;1;0;0;1;1;0;1;0;1;1;0;0;0;0;1;0;0;0;3;1;1;1;0;1;0;0;0;1;0;1;0;0;0;0;0;0;0;1;3;3;0;0;1;1;0;0;0;2;0.8;PD23;22;32
1;1;1;1;0;1;1;1;0;1;1;0;0;0;0;0;0;0;0;1;2;;;0;0;0;0;0;0;0;0;0;0;0;0;0;0;1;1;3;3;1;0;0;0;0;0;0;1;0.875;PD23;Z\;35
1;0;0;0;1;0;0;0;1;1;0;1;0;0;0;0;0;0;0;1;1;;1;0;1;0;0;0;1;0;0;0;0;0;0;0;0;0;1;3;3;0;0;1;0;0;0;0;1;0.575;PD23;ZC;23
1;0;0;0;1;1;1;1;0;1;1;0;0;0;1;1;1;1;0;1;1;1;1;0;1;0;0;1;1;1;1;0;0;0;0;0;0;0;1;2;2;0;0;0;1;1;0;0;2;0.7;PD23;Z5;28
1;0;0;1;1;0;0;1;0;1;1;0;0;1;1;0;1;0;0;3;1;1;2;0;1;0;0;0;1;0;0;0;0;0;0;0;0;0;1;3;2;0;0;0;0;1;0;0;1;0.675;PD23;ZZ;27
1;0;0;0;0;0;0;1;0;1;0;0;0;0;0;0;0;0;0;3;2;;;0;0;0;0;0;0;0;0;0;0;0;0;0;0;0;;;;0;0;0;0;0;0;0;;0.8;PD23;;32
1;0;0;0;0;1;1;1;1;2;0;1;0;1;1;1;0;1;0;3;2;;;0;0;0;0;0;0;0;0;1;0;0;0;0;1;0;1;4;4;0;0;0;0;0;0;0;1;0.75;PD23;ZZ;30
1;0;1;0;1;1;0;1;0;1;1;0;0;1;0;1;0;0;0;2;1;1;3;0;1;1;0;0;0;0;1;0;0;0;0;0;0;0;1;;4;0;0;1;0;0;1;0;1;0.775;PD23;ZZ;31
1;0;0;0;1;1;1;1;0;1;1;0;0;0;0;1;0;1;0;3;1;1;1;0;1;0;0;1;0;0;0;0;0;0;0;0;0;0;1;3;3;0;1;0;0;0;0;0;1;0.7;PD23;Z1;28
1;1;0;0;1;0;0;1;0;1;1;1;0;0;1;1;1;1;0;3;2;;;0;1;0;0;0;0;0;0;0;0;1;0;0;0;1;1;3;3;0;0;1;1;0;0;0;1;0.8;PD23;ZI;32
1;0;0;0;0;1;0;1;0;1;1;1;0;0;1;1;1;0;0;3;1;2;2;0;1;0;0;0;1;0;0;0;0;0;0;0;0;0;1;4;2;0;0;1;1;0;0;0;1;0.875;PD23;ZZ;35
1;0;0;0;0;0;1;1;1;1;1;1;0;1;0;1;0;0;0;3;2;;;0;0;0;0;0;0;0;0;0;1;1;0;0;0;0;1;3;3;0;0;0;0;0;1;0;1;0.6;PD23;Z^;24
1;0;0;0;1;1;0;1;0;1;1;0;0;0;0;1;1;1;0;3;1;1;1;0;1;0;0;0;1;0;0;0;0;0;0;0;0;0;1;5;3;0;0;0;0;0;0;0;2;0.75;PD23;ZZ;30
1;0;1;0;1;0;0;1;0;1;1;0;0;0;1;1;1;1;0;3;1;1;1;0;1;0;0;1;1;0;0;0;0;0;0;0;0;0;1;3;3;0;0;1;1;0;0;0;2;0.6;PD23;Z4;24
0;1;0;0;0;0;0;1;0;1;1;1;0;0;0;1;0;0;0;3;2;;;0;0;0;0;0;0;0;0;0;1;1;1;0;0;0;;1;1;1;0;0;0;0;0;0;2;0.925;PD23;Z1;37
1;1;0;0;0;0;1;1;0;2;1;0;0;1;1;1;0;0;0;3;2;;;0;0;0;0;0;0;0;0;0;0;1;0;0;0;1;1;4;4;0;0;1;1;0;0;0;1;0.875;PD23;Z1;35
1;0;0;0;0;0;1;1;0;1;1;0;0;0;1;1;0;0;0;3;2;;;0;0;0;0;0;0;0;0;0;0;1;0;0;0;0;1;4;3;0;0;1;0;0;0;0;1;0.9;PD23;ZZ;36
0;1;0;0;0;0;0;1;0;1;1;1;0;0;1;0;0;0;0;3;2;;;0;0;0;0;0;0;0;0;1;0;0;0;0;0;0;;4;3;0;0;1;1;0;0;0;1;0.95;PD23;ZZ;38
1;0;0;0;0;0;0;1;1;1;1;0;0;1;0;1;1;0;0;3;2;;;0;0;0;0;0;0;0;0;1;0;1;0;0;0;0;;3;3;0;0;1;1;1;0;0;1;0.9;PD23;ZZ;36
1;0;0;0;1;0;0;1;0;1;1;0;0;0;0;1;0;0;0;3;1;2;3;0;1;0;0;0;0;0;1;0;0;0;0;0;0;0;1;4;3;0;0;0;1;0;0;0;1;0.9;PD23;Z^;36
0;1;0;0;1;1;1;1;0;1;1;1;0;0;1;1;1;1;0;3;1;1;1;1;1;1;0;0;0;1;1;0;0;0;0;0;0;0;1;3;3;0;1;0;0;1;0;0;2;0.825;PD23;Z7;33
1;0;0;0;1;1;1;1;1;1;1;0;0;0;1;1;1;1;0;3;1;1;1;0;1;1;0;0;0;1;1;0;0;0;0;0;0;0;1;5;4;0;0;1;0;0;1;0;2;0.8;PD23;24;32
1;0;0;0;1;1;0;1;0;1;1;0;0;1;1;1;1;1;0;3;1;1;1;0;1;1;1;0;1;0;1;0;0;0;0;0;0;0;1;2;1;0;1;0;1;1;0;0;1;0.65;PD23;Z9;26
0;1;0;0;1;0;0;1;0;1;1;1;1;0;0;0;0;0;0;3;1;1;1;0;0;1;0;0;1;0;0;0;0;0;0;0;0;0;1;4;3;0;0;0;1;1;0;0;1;0.95;PD23;ZZ;38
1;0;0;1;0;0;0;1;1;1;1;1;0;0;0;0;0;0;0;3;2;;;0;0;0;0;0;0;0;0;0;1;0;1;0;0;0;1;4;3;1;0;0;1;0;1;0;1;0.625;PD23;ZZ;25
1;0;0;0;0;0;0;0;0;1;1;1;0;0;0;0;0;0;0;3;2;;;0;0;0;0;0;0;0;0;0;0;0;0;0;0;1;;4;4;0;0;0;1;1;0;0;1;;PD23;25;
1;0;1;1;0;0;0;0;0;1;1;1;0;1;1;0;0;0;0;3;2;;;0;0;0;0;0;0;0;0;0;0;0;0;0;1;1;1;3;2;0;0;0;1;1;0;0;1;0.85;PD23;ZZ;34
1;0;0;0;0;1;0;1;0;1;1;1;0;0;1;1;1;1;0;1;1;1;2;0;1;0;0;0;0;1;0;0;0;0;0;0;0;0;1;3;3;1;0;0;0;0;0;0;1;0.875;PD23;Z5;35
1;0;0;1;1;1;1;1;0;1;1;0;0;0;1;1;1;1;0;1;1;1;1;0;1;0;0;0;0;1;0;0;0;0;0;0;0;0;;3;3;0;0;1;1;0;0;0;2;0.7;PD23;ZZ;28
1;0;0;0;0;0;0;1;0;1;1;0;0;1;0;1;0;0;0;2;2;;;0;0;0;0;0;0;0;0;0;0;0;0;0;0;1;1;4;4;1;0;0;0;0;0;0;2;0.875;PD23;Z4;35
1;0;0;0;0;1;0;1;0;1;1;1;0;0;0;1;0;0;0;3;2;;;0;0;0;0;0;0;0;0;1;0;1;0;0;0;0;1;4;3;0;0;1;1;0;1;0;1;0.875;PD23;ZZ;35
1;0;0;0;1;0;0;1;0;1;1;1;0;0;1;1;1;0;0;3;1;1;3;0;1;0;0;0;1;0;0;0;0;0;0;0;0;0;1;2;2;1;0;0;0;0;0;0;2;0.65;PD23;Z4;26
1;1;0;0;0;0;0;1;0;1;1;0;0;0;0;0;0;0;0;1;2;;;0;0;0;0;0;0;0;0;1;0;0;0;0;0;0;1;3;2;1;0;0;0;0;0;0;2;0.825;PD23;33;33
1;0;0;1;0;0;0;1;0;1;1;0;0;0;0;1;0;0;0;3;2;;;0;0;0;0;0;0;0;0;0;1;0;0;0;0;0;1;4;3;1;0;0;0;0;0;0;2;0.95;PD23;ZZ;38
1;0;1;0;0;0;1;1;0;1;1;1;0;1;1;1;0;0;0;3;;;;0;0;0;0;0;0;0;0;1;0;0;0;0;0;0;1;4;3;0;1;0;1;0;0;0;1;0.875;PD23;ZZ;35
0;1;0;0;0;0;1;1;0;2;1;1;0;0;1;1;0;0;0;3;2;;;0;0;0;0;0;0;0;0;0;0;0;1;0;0;1;1;4;2;0;0;0;0;1;0;0;2;0.8;PD23;ZZ;32
1;0;0;0;1;0;0;1;1;1;1;1;0;1;1;1;1;1;0;3;1;1;2;0;1;0;0;0;0;1;0;0;0;0;0;0;0;0;1;2;1;0;0;0;1;1;0;0;1;0.7;PD23;ZZ;28
1;0;0;0;1;1;0;1;1;1;0;1;0;1;1;1;1;1;1;3;1;1;2;0;1;1;0;0;1;0;0;0;0;0;0;0;0;0;1;2;2;0;1;0;1;1;0;0;1;0.6;PD23;ZY;24
0;1;0;1;0;0;1;1;0;1;1;0;0;1;0;1;0;0;0;3;2;;;0;0;0;0;0;0;0;0;0;0;0;1;0;1;0;1;4;4;0;0;1;0;0;0;0;1;0.95;PD23;Z1;38
1;0;0;0;0;0;0;0;0;1;1;0;0;0;0;0;0;0;0;1;2;;;0;0;0;0;0;0;0;0;1;0;0;0;0;0;0;1;3;3;0;0;1;0;0;0;0;2;0.75;PD23;ZO;30
1;1;0;0;0;0;0;1;0;1;1;1;0;0;1;1;0;0;0;3;2;;;0;0;0;0;0;0;0;0;1;0;0;0;0;0;0;1;3;2;1;0;0;0;0;0;0;1;0.725;PD23;Z4;29
0;1;0;0;0;0;1;1;1;1;1;1;0;0;1;1;0;0;0;3;2;;;0;0;0;0;0;0;0;0;1;0;0;0;0;0;0;1;3;2;0;0;1;1;0;0;0;1;0.7;PD23;ZZ;28
1;1;0;0;0;1;0;1;0;1;1;0;0;0;0;0;1;0;0;3;1;1;3;0;1;0;0;1;0;1;0;0;0;0;0;0;0;0;1;3;2;0;0;1;1;0;0;0;1;0.475;PD23;23;19
1;0;1;0;1;1;1;1;0;1;1;1;0;0;1;1;1;1;0;1;1;1;1;1;1;0;0;1;1;1;1;0;0;0;0;0;0;0;1;4;3;0;0;0;1;0;0;1;2;0.925;PD23;4G;37
1;1;0;0;0;0;1;1;0;1;1;1;0;0;1;1;0;0;0;3;2;;;0;0;0;0;0;0;0;0;0;0;1;0;0;0;0;1;3;3;0;0;0;1;0;1;0;1;0.525;PD23;Z7;21
1;0;0;0;1;0;1;1;0;1;1;1;0;1;0;1;1;0;0;3;1;1;1;0;1;1;0;0;0;0;1;0;0;0;0;0;0;0;1;3;3;0;0;1;1;1;0;0;2;0.725;PD23;ZZ;29
1;0;0;0;0;0;1;1;1;1;1;1;0;0;1;1;0;0;0;1;2;2;;0;0;0;0;0;0;0;0;0;0;1;0;0;0;0;2;3;3;0;0;1;1;0;0;1;2;0.775;PD23;ZO;31
1;0;0;0;0;1;1;1;0;1;1;1;0;0;0;1;0;0;0;3;2;;;0;0;0;0;0;0;0;0;0;0;1;0;0;0;0;1;3;4;0;0;1;1;1;0;0;2;0.65;PD23;ZZ;26
1;0;0;0;0;0;1;1;0;1;1;0;0;0;0;1;0;0;0;3;2;;;0;0;0;0;0;0;0;0;1;0;1;1;0;0;0;1;3;3;0;0;1;1;0;0;0;2;;PD23;Z5;
1;0;1;0;0;0;1;1;0;1;1;0;0;0;0;0;0;0;0;3;2;;;0;0;0;0;0;0;0;0;0;0;1;0;0;0;1;1;4;3;1;0;0;0;0;0;0;2;0.775;PD23;ZZ;31
1;0;1;0;1;0;0;1;0;1;1;0;0;0;0;0;1;0;0;3;1;1;2;1;0;0;0;0;1;0;0;0;0;0;0;0;0;0;1;3;3;0;0;1;0;0;0;0;1;0.925;PD23;Z4;37
1;0;0;0;1;0;1;1;0;1;0;1;0;0;1;1;0;0;0;1;1;2;2;0;0;1;0;0;0;0;1;0;0;0;0;0;0;0;1;3;3;0;1;0;1;0;0;0;1;0.95;PD23;ZZ;38
1;0;0;0;1;0;0;1;0;1;0;0;0;0;1;1;0;0;0;2;1;1;2;0;1;1;0;0;0;0;1;0;0;0;0;0;0;0;1;3;2;0;1;0;1;0;0;0;2;0.85;PD23;Z1;34
1;0;0;0;1;0;0;0;0;1;1;1;0;0;0;1;1;0;0;3;;1;2;0;1;0;0;1;0;0;0;0;0;0;0;0;0;0;1;3;3;0;0;0;1;0;0;0;1;0.675;PD23;Z6;27
0;1;0;0;0;0;1;1;0;1;1;1;0;1;1;1;0;0;0;3;2;;;0;0;0;0;0;0;0;0;0;0;1;1;0;0;0;1;3;3;0;0;0;1;0;0;0;1;0.95;PD23;ZZ;38
1;0;1;0;0;0;1;1;0;1;0;1;0;1;1;1;0;0;0;3;2;;;0;0;0;0;0;0;0;0;1;1;0;0;0;0;0;1;3;2;0;0;0;1;1;0;0;2;0.575;PD23;Z1;23
1;0;1;0;0;0;0;1;0;1;0;1;0;0;0;1;0;0;0;3;2;;;0;0;0;0;0;0;0;0;1;0;0;0;0;0;0;1;3;3;0;0;1;1;1;0;0;2;0.75;PD23;Z^;30
1;1;1;0;1;0;1;1;0;1;0;1;1;1;0;1;0;0;0;3;1;2;2;0;0;1;0;0;0;0;1;0;0;0;0;0;0;0;1;1;1;0;0;1;0;1;0;0;1;0.8;PD23;J4;32
0;1;0;0;1;0;1;1;0;;1;0;0;0;0;1;0;0;0;;;1;2;0;0;1;0;0;1;0;1;0;0;0;0;0;0;0;1;3;3;0;0;1;0;0;0;0;2;0.9;PD23;Z9;36
1;0;0;0;0;0;0;1;0;1;0;0;0;0;0;1;0;0;0;1;2;;;0;0;0;0;0;0;0;0;1;0;0;1;0;0;0;1;4;3;1;0;0;0;0;0;0;1;0.85;PD23;ZO;34
1;1;1;0;0;0;0;1;0;1;1;0;0;0;0;0;0;0;0;3;2;;;0;0;0;0;0;0;0;0;1;0;0;0;0;0;0;1;3;2;0;0;0;0;0;1;0;2;0.7;PD23;Z4;28
1;1;0;0;0;0;0;1;0;1;1;1;0;0;0;1;1;0;0;3;2;;;0;0;0;0;0;0;0;0;1;0;0;1;0;0;0;1;4;4;1;0;0;1;0;1;0;1;0.8;PD23;ZZ;32
1;0;0;0;1;0;1;1;0;1;1;0;0;0;0;0;0;0;0;;;;;0;0;0;0;0;0;0;0;0;0;0;0;0;0;0;;;;0;0;0;0;0;0;0;;0.65;PD23;;26
0;1;0;0;0;1;0;0;1;1;1;0;0;0;1;1;1;1;0;2;1;1;1;1;1;0;0;0;1;0;0;0;0;0;0;0;0;1;;1;2;0;0;0;0;1;0;0;1;0.475;PD23;Z5;19
1;1;0;0;0;0;0;0;0;1;1;1;1;1;0;0;0;0;0;3;2;;;0;0;0;0;0;0;0;0;1;0;0;0;0;0;0;1;3;3;0;1;0;1;0;0;0;2;0.825;PD23;Z4;33
1;0;1;1;0;1;1;1;0;1;1;1;0;0;1;1;0;1;0;1;1;2;3;0;1;0;0;1;0;1;1;0;0;0;0;0;0;0;1;5;2;0;0;0;1;0;0;0;2;0.875;PD23;ZO;35
1;1;0;0;0;0;1;1;1;1;1;1;0;0;0;1;0;0;0;3;2;;;0;0;0;0;0;0;0;0;0;0;1;0;0;0;0;1;4;4;0;0;0;0;1;0;0;1;0.875;PD23;Z4;35
1;0;0;0;1;0;0;1;1;;1;1;0;0;1;0;1;0;0;3;1;1;;0;1;0;0;0;0;1;0;0;0;0;0;0;0;0;1;3;2;0;0;1;1;0;0;0;1;0.7;PD23;ZZ;28
1;1;0;0;1;0;1;1;0;1;1;1;0;0;0;1;1;0;0;3;2;;;0;0;0;0;0;0;0;0;1;0;1;0;0;0;0;1;3;4;0;0;1;0;0;0;0;1;0.9;PD23;ZZ;36
1;0;0;0;0;0;1;1;1;1;1;1;1;1;1;1;1;1;0;3;2;;;0;0;0;0;0;0;0;0;1;0;1;0;0;0;0;1;3;3;0;0;1;0;0;1;0;2;0.825;PD23;24;33
1;0;0;0;0;1;1;1;0;1;1;1;0;0;0;1;1;1;0;1;1;1;2;0;1;0;0;0;0;1;0;0;0;0;0;0;0;0;1;3;3;0;0;0;1;1;0;0;1;0.7;PD23;ZZ;28
1;0;1;0;1;0;0;1;0;1;1;1;0;0;1;0;1;0;0;3;1;1;2;0;1;0;0;0;0;1;0;0;0;0;0;0;0;0;1;2;2;0;1;0;1;0;0;0;2;0.425;PD23;Z6;17
1;0;0;0;1;0;0;0;0;1;1;1;1;0;1;1;1;1;0;3;1;1;1;0;1;0;0;0;0;1;0;0;0;0;0;0;0;0;1;2;2;0;0;0;1;0;0;0;1;0.825;PD23;42;33
1;0;0;0;0;0;1;0;1;1;0;1;0;1;1;1;0;0;0;3;2;;;;;;;;;;;1;0;0;0;0;0;0;1;3;1;0;0;0;1;1;0;0;1;0.620689655;KS23SoSe;ZZ;18
1;0;0;0;0;1;0;0;0;1;1;1;0;1;1;1;1;1;0;2;2;;;;;;;;;;;0;0;0;0;0;1;0;1;3;3;1;0;0;0;0;0;0;2;0.896551724;KS23SoSe;ZZ;26
1;0;0;0;1;1;1;0;0;1;1;1;0;1;1;1;1;1;0;3;1;1;3;1;1;0;0;0;1;0;0;;;;;;;;1;4;3;0;1;0;1;0;0;0;2;0.862068966;KS23SoSe;Z4;25
1;0;1;1;0;1;1;0;0;1;1;0;0;0;1;0;0;1;0;1;2;;;;;;;;;;;0;0;0;0;0;0;1;1;3;3;1;0;0;0;0;0;0;1;0.862068966;KS23SoSe;ZI;25
1;0;0;0;0;0;0;0;0;1;1;1;0;0;1;1;0;0;0;1;2;2;;;;;;;;;;1;0;0;0;0;0;0;1;4;3;1;0;0;0;0;0;0;1;0.793103448;KS23SoSe;ZO;23
1;0;0;0;0;0;1;0;0;1;1;1;0;0;1;1;0;0;0;3;2;;;;;;;;;;;1;0;0;0;0;0;0;1;3;2;0;0;1;1;1;0;0;2;0.793103448;KS23SoSe;Z1;23
1;0;0;0;0;0;1;0;0;2;1;0;0;1;0;1;0;0;0;2;2;;;;;;;;;;;1;1;1;1;0;0;0;1;4;4;0;1;0;1;0;0;0;1;0.827586207;KS23SoSe;ZZ;24
1;0;0;0;1;0;1;0;0;1;1;0;0;0;1;1;1;0;0;3;1;1;2;0;1;0;0;0;0;1;0;;;;;;;;;;;0;0;1;1;0;0;0;1;0.655172414;KS23SoSe;Z5;19
1;0;0;0;1;0;1;1;0;1;1;0;0;0;0;0;1;0;0;3;;1;2;0;1;0;0;0;1;0;0;;;;;;;;1;3;3;0;1;0;1;0;0;0;1;0.862068966;KS23SoSe;ZZ;25
1;0;0;0;0;1;0;0;0;1;1;0;0;0;0;1;0;1;0;3;2;;;;;;;;;;;0;0;0;0;0;1;0;1;3;3;1;0;0;0;0;0;0;1;0.689655172;KS23SoSe;24;20
0;1;0;0;0;0;0;0;0;1;1;0;0;0;0;0;0;0;0;3;2;;;;;;;;;;;;;;;;;;;3;4;0;0;1;0;0;0;0;1;0.689655172;KS23SoSe;ZZ;20
1;0;0;0;1;0;0;0;0;1;1;0;0;0;0;0;0;0;0;1;1;1;2;0;1;0;0;0;0;1;0;;;;;;;;1;3;3;1;0;0;0;0;0;0;1;0.827586207;KS23SoSe;ZZ;24
1;0;0;0;0;0;0;0;0;1;1;0;0;0;0;1;0;0;0;3;2;;;;;;;;;;;1;0;0;0;0;0;0;1;3;3;1;0;0;0;0;0;0;1;0.689655172;KS23SoSe;ZZ;20
1;0;0;0;0;0;1;0;0;1;1;1;0;0;1;1;0;0;0;3;2;;;;;;;;;;;1;0;0;0;0;0;0;1;;;;;;;;;;;0.551724138;KS23SoSe;;16
1;0;0;0;0;0;1;0;0;1;1;0;0;1;1;1;0;0;0;2;1;2;2;0;1;0;0;0;1;0;0;;;;;;;;1;3;3;1;0;0;0;0;0;0;1;0.551724138;KS23SoSe;ZZ;16
1;1;0;0;0;0;0;0;0;1;1;1;0;0;1;1;1;1;0;;2;;;;;;;;;;;1;0;0;0;0;0;0;1;4;4;1;0;0;0;0;0;0;2;0.931034483;KS23SoSe;Z5;27
1;0;1;0;0;0;1;0;0;1;1;0;0;0;1;0;0;0;0;3;2;;;;;;;;;;;0;0;1;0;0;0;1;1;3;3;1;0;0;0;0;0;0;1;0.689655172;KS23SoSe;ZZ;20
1;0;0;1;0;0;0;0;0;1;1;0;0;0;0;0;0;0;0;1;2;2;;;;;;;;;;0;1;1;0;0;0;0;1;3;3;0;1;0;1;0;0;0;2;0.724137931;KS23SoSe;Z4;21
1;0;1;0;0;0;1;0;0;1;1;1;0;0;1;1;0;0;0;3;2;;;;;;;;;;;1;0;1;0;0;0;0;;4;3;0;0;0;1;1;0;0;1;0.827586207;KS23SoSe;ZZ;24
1;0;0;1;0;0;1;0;0;1;1;1;0;0;1;0;0;0;0;2;2;;;;;;;;;;;1;0;0;0;0;1;0;1;3;3;0;0;0;1;0;1;0;1;0.689655172;KS23SoSe;Z4;20
1;0;0;0;1;0;1;0;0;1;1;0;0;1;0;1;0;0;0;1;1;1;2;1;0;0;0;0;0;1;0;;;;;;;;1;3;3;0;0;1;0;0;0;0;1;0.620689655;KS23SoSe;ZZ;18
1;1;0;1;0;0;1;1;0;1;1;1;0;0;1;1;0;0;0;3;2;;;;;;;;;;;0;0;1;0;0;0;1;1;3;2;1;0;0;0;0;0;0;2;0.724137931;KS23SoSe;ZZ;21
1;0;1;0;0;0;1;0;0;1;1;1;1;1;1;1;0;0;0;3;2;;;;;;;;;;;1;0;0;0;0;0;0;1;3;3;1;0;0;0;0;0;0;1;0.689655172;KS23SoSe;Z4;20
1;0;0;0;0;0;1;0;0;1;1;1;0;0;1;1;0;0;0;3;2;;;;;;;;;;;1;0;1;0;0;0;0;1;3;3;0;0;0;1;0;0;0;2;0.655172414;KS23SoSe;ZZ;19
1;1;0;0;0;0;1;0;0;1;1;1;0;0;1;1;0;0;0;3;2;;;;;;;;;;;0;1;0;0;0;0;0;1;3;3;1;0;0;0;0;0;0;1;0.689655172;KS23SoSe;ZZ;20
1;1;0;1;0;0;1;0;0;1;1;1;0;0;1;1;1;0;0;3;2;2;;;;;;;;;;0;0;0;1;0;0;1;1;4;4;1;0;0;0;0;0;0;1;0.931034483;KS23SoSe;Z4;27
1;0;0;0;1;0;0;0;1;1;1;0;0;0;0;0;1;0;0;3;1;1;1;1;1;0;0;0;0;1;0;;;;;;;;1;3;3;0;0;1;0;0;0;0;1;0.724137931;KS23SoSe;ZY;21
1;0;0;1;1;1;1;0;0;1;1;1;0;0;1;0;1;1;0;3;1;1;2;0;1;0;0;0;1;1;0;;;;;;;;;2;2;0;0;0;1;0;1;0;1;0.724137931;KS23SoSe;Z7;21
1;0;0;0;0;0;1;0;0;1;1;0;0;1;0;1;1;0;0;3;2;;;;;;;;;;;0;0;1;0;0;0;0;1;3;3;0;0;1;1;1;0;0;1;0.793103448;KS23SoSe;ZZ;23
1;0;0;0;0;0;1;1;0;1;1;0;0;1;1;1;0;0;0;3;2;;;;;;;;;;;0;0;0;0;0;0;1;;4;3;1;0;0;0;0;0;0;1;0.896551724;KS23SoSe;Z4;26
1;0;0;0;0;0;0;0;0;1;1;1;0;0;0;0;0;0;0;2;2;;;;;;;;;;;1;0;1;0;0;0;0;1;4;3;0;0;1;1;0;1;0;1;0.724137931;KS23SoSe;ZZ;21
1;0;0;0;0;0;0;0;0;1;1;0;0;0;0;1;0;0;0;3;;2;3;1;0;0;0;0;0;0;1;;;;;;;;1;3;3;0;0;0;1;0;0;0;1;0.620689655;KS23SoSe;ZZ;18
1;0;0;1;0;1;0;1;0;1;1;0;0;0;1;1;0;0;0;1;1;1;2;0;1;0;0;0;0;1;0;;;;;;;;1;3;3;0;0;1;1;0;0;0;2;0.655172414;KS23SoSe;Z4;19
1;0;0;0;0;0;1;0;1;1;1;0;0;1;0;0;0;0;0;2;2;;;;;;;;;;;0;0;1;0;0;0;0;1;4;4;0;0;0;1;0;0;0;2;0.862068966;KS23SoSe;ZZ;25
1;0;0;1;1;0;1;1;1;1;1;1;0;1;1;1;1;0;0;3;1;1;1;0;1;0;0;0;0;1;0;;;;;;;;1;3;3;0;0;0;0;1;0;0;2;0.517241379;KS23SoSe;Z9;15
1;1;0;0;1;0;1;0;0;1;1;0;0;0;0;0;0;0;0;2;1;1;1;0;1;1;0;0;1;1;1;;;;;;;;1;3;3;0;1;0;0;0;1;0;1;0.827586207;KS23SoSe;ZZ;24
1;0;0;0;1;1;1;1;0;1;1;1;0;1;1;0;1;1;0;3;1;1;2;1;0;0;0;0;1;1;1;;;;;;;;1;4;4;0;0;1;1;0;0;0;1;0.965517241;KS23SoSe;ZZ;28
0;1;0;0;0;1;1;0;1;1;0;0;0;0;1;1;0;1;0;3;2;;;;;;;;;;;0;0;0;0;0;1;1;1;3;3;1;0;0;0;0;0;0;1;;KS23SoSe;ZZ;
1;0;0;0;0;0;0;0;0;1;1;0;0;1;1;1;1;1;0;3;2;;;;;;;;;;;0;0;1;0;0;0;1;;4;4;0;0;1;1;0;0;0;2;0.827586207;KS23SoSe;Z4;24
1;1;0;0;0;0;1;0;0;1;1;1;0;0;0;1;0;0;0;3;2;;;;;;;;;;;0;1;0;0;0;0;0;;4;3;0;1;0;1;1;0;0;;0.689655172;KS23SoSe;ZZ;20
1;1;0;0;1;0;1;0;0;1;1;1;0;0;0;0;0;0;0;3;1;2;1;1;1;1;0;0;0;0;1;;;;;;;;1;2;1;0;0;0;1;1;0;0;1;0.689655172;KS23SoSe;Z4;20
1;0;0;0;1;1;0;1;0;1;1;1;0;0;0;1;1;1;0;3;1;1;1;0;1;0;0;0;1;0;0;;;;;;;;1;3;3;0;0;1;1;0;1;0;2;0.793103448;KS23SoSe;Z4;23
1;0;0;0;1;0;1;0;0;;1;0;0;1;1;1;1;0;0;2;1;1;1;0;1;0;0;0;0;1;0;;;;;;;;1;4;4;0;0;0;1;0;0;0;1;0.793103448;KS23SoSe;ZY;23
1;0;0;0;0;0;0;0;0;1;1;0;0;0;1;1;0;0;0;3;2;;;;;;;;;;;0;0;0;1;0;0;0;1;3;3;1;0;0;0;0;0;0;1;0.689655172;KS23SoSe;ZZ;20
1;0;0;0;0;0;1;0;0;1;1;1;0;0;1;1;0;0;0;3;2;;;;;;;;;;;1;0;0;1;0;0;0;1;2;1;0;0;1;1;1;0;0;1;0.586206897;KS23SoSe;ZZ;17
1;0;0;0;0;0;0;0;0;1;1;1;0;0;0;1;0;0;0;3;2;;;;;;;;;;;1;0;1;0;0;0;0;1;4;4;0;0;1;1;0;0;0;2;0.862068966;KS23SoSe;ZZ;25
1;0;0;0;0;1;0;0;0;;0;0;0;0;0;0;0;1;0;1;;;;;;;;;;;;0;0;0;0;0;1;0;;2;2;1;0;0;0;0;0;0;2;0.75862069;KS23SoSe;J1;22
1;0;0;0;0;0;1;0;0;1;1;1;0;0;0;1;0;0;0;2;2;;;;;;;;;;;1;0;0;0;0;0;0;1;3;3;1;0;0;0;0;0;0;1;0.862068966;KS23SoSe;ZZ;25
1;0;0;1;0;0;1;0;0;1;1;1;0;0;0;1;0;0;0;3;2;;;;;;;;;;;1;1;0;0;0;0;0;1;3;2;0;0;0;1;0;0;0;1;0.586206897;KS23SoSe;ZZ;17
1;0;0;0;0;0;0;0;0;1;1;1;0;1;1;0;1;1;0;3;2;;;;;;;;;;;1;0;1;0;0;0;0;1;4;3;0;0;0;1;0;0;0;1;0.724137931;KS23SoSe;ZZ;21
1;0;0;0;0;0;1;0;0;1;1;1;1;1;1;1;0;0;0;3;2;;;;;;;;;;;;;;;;;;;3;3;0;0;0;1;1;0;0;1;0.931034483;KS23SoSe;ZZ;27
1;0;0;1;1;0;1;0;1;1;1;0;0;0;0;1;1;0;0;3;1;1;1;1;1;1;0;0;0;1;1;;;;;;;;1;3;4;0;0;1;1;1;0;0;1;0.620689655;KS23SoSe;Z4;18
1;1;0;1;0;0;1;1;0;1;1;1;1;1;1;1;0;0;0;3;2;;;;;;;;;;;0;0;1;0;0;0;0;1;3;3;0;0;0;1;1;0;0;1;0.827586207;KS23SoSe;ZZ;24
1;1;0;0;0;0;1;0;0;1;1;0;0;0;1;0;0;0;0;2;2;;;;;;;;;;;0;0;1;0;0;0;0;1;4;4;0;0;0;0;1;0;0;2;0.965517241;KS23SoSe;Z4;28
0;0;0;0;0;0;0;0;1;2;1;0;0;0;0;0;0;0;0;2;2;;;;;;;;;;;0;0;1;0;0;0;0;;3;3;1;0;0;0;0;0;0;1;0.724137931;KS23SoSe;ZZ;21
1;1;0;0;0;0;1;0;0;1;1;0;0;1;1;0;0;0;0;3;2;;;;;;;;;;;1;0;1;1;0;0;0;1;4;4;0;0;0;1;0;0;0;2;0.793103448;KS23SoSe;Z4;23
1;0;1;1;0;1;1;1;0;1;1;1;0;0;1;1;1;1;0;3;2;;;;;;;;;;;1;0;1;0;0;1;0;1;3;3;0;0;0;1;0;0;0;2;0.827586207;KS23SoSe;Z4;24
1;1;0;0;0;0;1;1;0;1;1;1;0;1;1;1;0;0;0;1;2;;;;;;;;;;;1;1;1;0;0;0;0;;2;3;0;0;1;1;0;0;0;1;0.620689655;KS23SoSe;ZZ;18
1;0;1;0;0;0;0;0;1;1;1;0;0;0;0;1;1;1;0;3;1;1;2;1;0;0;0;0;1;0;0;;;;;;;;1;2;2;0;0;1;1;1;0;0;1;0.724137931;KS23SoSe;ZO;21
1;0;0;0;0;0;1;0;0;1;1;0;0;0;0;0;0;0;0;1;2;;;;;;;;;;;1;0;0;0;0;0;0;1;4;4;0;0;1;0;0;0;0;2;0.862068966;KS23SoSe;Z4;25
1;0;0;0;0;0;0;0;0;1;1;0;0;0;0;0;0;0;0;3;2;;;;;;;;;;;1;0;0;0;0;0;0;1;4;4;0;0;1;0;0;0;0;;0.793103448;KS23SoSe;;23
1;1;0;0;0;1;1;1;0;2;1;0;0;0;1;0;1;1;0;2;1;1;2;0;1;1;0;0;1;0;0;;;;;;;;1;3;4;0;0;0;0;0;0;1;1;0.896551724;KS23SoSe;Z4;26
1;0;0;0;0;0;1;1;1;1;1;1;0;0;1;1;0;0;0;;2;;;;;;;;;;;1;0;0;0;0;0;0;1;3;;0;1;0;1;0;0;0;1;0.827586207;KS23SoSe;Z6;24
1;0;1;0;0;0;1;0;0;1;1;1;0;1;0;0;0;0;0;3;1;1;3;1;0;0;0;0;1;0;0;;;;;;;;;3;3;1;0;0;0;0;0;0;1;0.689655172;KS23SoSe;ZT;20
1;0;0;0;1;1;1;0;0;1;1;1;1;0;1;1;1;0;0;1;1;1;1;0;1;0;0;0;1;0;0;;;;;;;;;3;2;0;0;1;0;1;0;0;1;0.655172414;KS23SoSe;ZY;19
1;1;0;0;0;0;0;0;0;1;1;0;0;0;0;0;0;0;0;3;2;;;;;;;;;;;0;0;1;0;0;0;0;1;4;4;0;0;0;0;1;0;0;1;0.965517241;KS23SoSe;ZZ;28
1;1;1;0;0;0;1;0;1;1;1;0;0;0;1;1;0;0;0;1;;;;;;;;;;;;0;1;0;0;0;1;1;1;2;2;0;0;0;1;0;0;1;1;0.620689655;KS23SoSe;Z5;18
1;1;0;0;0;0;0;0;0;1;1;1;0;0;0;1;0;0;0;3;2;;;;;;;;;;;0;1;0;0;0;1;0;1;3;1;;;;;;;;1;0.620689655;KS23SoSe;Z4;18
1;0;0;0;0;1;1;0;0;1;1;0;0;0;1;1;0;1;0;3;2;;;;;;;;;;;0;0;0;0;0;1;0;1;3;3;0;0;0;1;1;0;0;1;0.793103448;KS23SoSe;ZZ;23
1;0;0;0;0;0;0;0;0;1;1;1;0;1;0;1;0;0;0;3;;1;2;0;1;0;0;0;0;0;1;;;;;;;;1;3;4;0;0;0;0;1;0;0;2;0.689655172;KS23SoSe;Z6;20
1;0;0;0;0;0;0;0;0;1;1;0;0;0;0;0;0;0;0;3;2;;;;;;;;;;;1;0;1;0;0;0;0;1;3;3;0;0;1;0;0;1;0;1;0.75862069;KS23SoSe;ZZ;22
1;0;0;0;0;1;0;0;0;1;1;0;0;1;0;0;0;1;0;3;2;1;1;0;1;0;0;1;0;1;0;;;;;;;;1;4;5;0;0;0;1;0;0;0;2;0.689655172;KS23SoSe;Z4;20
1;1;0;0;1;0;1;0;0;2;1;0;0;1;0;0;1;0;0;3;2;;;;;;;;;;;1;0;0;1;0;0;0;1;4;3;1;0;0;0;0;0;0;2;0.862068966;KS23SoSe;ZZ;25
1;1;0;0;0;0;1;1;0;1;1;0;0;1;0;1;0;0;0;2;2;;;;;;;;;;;0;0;1;0;0;0;0;1;;3;0;0;1;1;0;0;0;2;0.896551724;KS23SoSe;Z9;26
1;0;0;0;1;1;1;0;0;1;1;1;0;0;1;0;0;1;0;3;1;1;2;0;1;1;0;0;0;1;1;;;;;;;;1;3;3;0;1;0;0;0;0;0;1;0.75862069;KS23SoSe;ZZ;22
0;1;0;0;0;0;1;0;0;1;1;0;0;1;1;0;0;0;0;2;2;;;;;;;;;;;1;0;1;1;0;0;0;1;3;3;1;0;0;0;0;0;0;1;0.931034483;KS23SoSe;Z4;27
1;0;0;0;0;0;0;0;0;1;1;1;1;0;0;0;0;0;0;1;2;;;;;;;;;;;1;0;0;0;0;0;0;1;3;3;0;0;1;1;1;0;0;2;0.724137931;KS23SoSe;Z9;21
1;0;0;0;0;0;1;0;0;1;1;1;1;1;1;1;0;0;0;2;2;;;;;;;;;;;;;;;;;;;3;3;0;0;0;0;1;0;0;1;0.689655172;KS23SoSe;ZZ;20
1;0;0;0;0;0;1;0;0;1;1;1;0;0;0;0;0;0;0;2;2;2;;;;;;;;;;0;1;0;0;0;0;0;2;4;4;0;0;1;1;0;0;0;2;;KS23SoSe;Z1;
1;0;1;0;0;0;1;0;0;1;1;1;0;0;0;0;0;0;0;3;2;;;;;;;;;;;0;1;0;0;0;0;0;1;4;2;0;0;0;1;0;0;0;1;0.724137931;KS23SoSe;ZZ;21
1;0;0;0;0;0;1;0;0;1;1;1;0;0;1;1;0;0;0;3;2;;;;;;;;;;;0;0;0;0;0;1;0;1;2;1;0;0;0;1;0;0;0;2;0.896551724;KS23SoSe;Z1;26
1;0;0;1;0;0;1;0;1;1;1;1;0;1;1;1;0;0;0;3;2;;;;;;;;;;;0;0;1;0;0;0;0;1;3;3;0;0;0;0;0;1;0;1;0.827586207;KS23SoSe;ZZ;24
1;1;0;1;0;0;1;0;0;1;1;0;0;1;1;1;1;0;0;3;2;;;;;;;;;;;1;0;1;0;0;0;0;1;4;4;0;0;1;0;0;0;0;1;0.689655172;KS23SoSe;ZZ;20
1;1;0;0;0;0;1;0;1;1;1;0;0;1;1;1;0;0;0;3;2;;;;;;;;;;;0;0;1;0;0;0;1;1;4;4;0;0;0;1;1;0;0;1;0.827586207;KS23SoSe;Z4;24
1;0;0;0;0;0;0;0;0;1;1;1;0;1;1;1;0;0;0;3;2;;;;;;;;;;;1;0;1;0;0;0;0;1;2;1;0;1;0;0;0;0;0;2;0.75862069;KS23SoSe;Z5;22
1;1;0;0;0;0;1;0;1;1;1;1;0;1;1;1;1;0;0;3;2;;;;;;;;;;;1;0;1;0;0;1;1;1;4;3;1;0;0;0;0;0;0;1;0.896551724;KS23SoSe;Z4;26
1;0;0;0;1;0;1;1;1;2;1;1;0;1;0;0;1;0;0;3;1;1;3;0;1;1;0;0;0;0;1;;;;;;;;1;2;2;0;1;0;1;1;0;0;1;0.75862069;KS23SoSe;Z5;22
1;0;1;0;0;0;0;0;0;1;1;1;1;1;1;1;0;0;0;3;;;;;;;;;;;;0;0;0;0;0;1;0;1;2;3;0;0;1;1;1;0;0;2;0.620689655;KS23SoSe;Z7;18
1;0;0;0;0;0;0;0;0;2;1;1;0;0;1;0;0;0;0;1;2;;;;;;;;;;;0;0;0;1;0;0;0;1;4;4;0;0;1;0;0;1;0;2;0.931034483;KS23SoSe;ZZ;27
1;0;0;0;0;1;1;0;0;1;1;1;0;0;1;0;0;1;0;3;2;;;;;;;;;;;0;0;0;0;0;1;1;1;4;4;1;0;0;0;0;0;0;2;0.827586207;KS23SoSe;Z4;24
1;0;0;1;0;0;1;0;0;1;1;1;0;1;1;1;0;0;0;3;2;;;;;;;;;;;0;0;0;1;0;1;0;1;3;3;0;0;1;1;1;0;0;1;0.896551724;KS23SoSe;ZZ;26
1;0;0;0;0;0;0;0;0;1;1;1;0;1;0;1;0;0;0;2;2;;;;;;;;;;;0;0;1;0;0;0;0;1;5;4;0;0;1;0;0;0;0;2;0.827586207;KS23SoSe;ZZ;24
1;0;0;0;0;0;1;0;0;1;1;0;0;0;1;0;0;0;0;3;2;;;;;;;;;;;0;0;0;0;0;0;1;;2;3;1;0;0;0;0;0;0;2;0.724137931;KS23SoSe;ZZ;21
1;0;0;0;0;0;1;0;0;1;1;1;1;1;0;1;1;0;0;3;2;;;;;;;;;;;1;0;1;0;0;0;0;1;4;4;0;0;1;1;0;0;0;1;0.896551724;KS23SoSe;ZZ;26
1;0;1;0;0;0;1;0;1;1;1;0;0;0;1;0;0;0;0;3;2;;;;;;;;;;;0;0;0;0;0;0;1;1;3;3;1;0;0;0;0;0;0;1;0.827586207;KS23SoSe;ZZ;24
0;1;0;0;0;0;1;0;1;1;1;0;0;0;1;0;0;0;0;2;2;;;;;;;;;;;0;0;1;0;0;1;0;1;4;3;0;0;1;0;0;0;0;1;0.862068966;KS23SoSe;ZZ;25
1;0;0;0;0;1;1;0;1;1;0;0;0;1;0;1;0;1;0;3;2;;;;;;;;;;;0;0;0;0;0;1;0;1;4;3;1;0;0;0;0;0;0;2;0.827586207;KS23SoSe;Z4;24
0;0;0;0;0;1;1;0;0;1;0;0;0;0;0;0;0;1;0;2;2;2;;;;;;0;0;1;0;0;0;0;0;0;1;0;1;3;3;0;0;0;1;0;0;0;1;0.655172414;KS23SoSe;ZZ;19
0;0;0;1;0;0;0;0;1;1;1;0;0;0;1;1;0;0;0;2;2;;;;;;;;;;;0;0;0;0;0;0;1;1;2;2;0;0;0;0;0;1;0;2;0.689655172;KS23SoSe;Z4;20
1;0;1;1;0;0;0;0;0;1;1;1;0;0;1;1;0;0;0;3;2;;;;;;;;;;;0;0;1;0;0;0;0;1;2;2;0;0;1;1;0;0;0;1;0.793103448;KS23SoSe;ZZ;23
1;1;0;0;0;0;1;0;0;1;1;0;0;0;0;0;0;0;0;3;2;;;;;;;;;;;0;0;1;0;0;0;0;1;3;4;1;0;0;0;0;0;0;1;0.620689655;KS23SoSe;Z4;18
1;0;1;0;0;0;1;0;0;1;1;0;0;1;1;0;0;1;0;3;2;;;;;;;;;;;0;0;0;0;0;0;1;;;;1;0;0;0;0;0;0;2;0.724137931;KS23SoSe;ZZ;21
1;0;1;0;0;0;0;0;0;1;1;0;0;1;0;1;0;0;0;2;2;;;;;;;;;;;0;1;0;0;0;0;1;1;4;4;1;0;0;0;0;0;0;2;0.793103448;KS23SoSe;ZZ;23
1;0;0;0;1;1;0;1;1;1;1;1;0;0;0;0;1;1;0;1;1;1;1;1;1;1;0;0;1;0;0;;;;;;;;1;3;3;1;0;0;0;0;0;0;2;0.689655172;KS23SoSe;Z4;20
1;0;0;0;0;0;1;0;0;1;1;0;0;0;0;0;0;0;0;3;2;;;;;;;;;;;1;0;0;0;0;0;0;1;3;3;0;0;0;1;0;0;0;1;0.75862069;KS23SoSe;ZZ;22
0;1;0;0;0;0;1;0;0;1;1;1;0;0;0;0;0;0;0;1;2;;;;;;;;;;;1;0;1;0;0;0;0;1;3;3;0;0;1;1;0;0;0;1;0.862068966;KS23SoSe;Z5;25
1;0;0;0;0;0;0;0;0;1;1;0;0;0;0;0;0;0;0;2;1;1;2;;;;;;;;;0;1;0;0;0;0;0;1;3;3;0;0;0;1;0;0;0;1;0.344827586;KS23SoSe;ZY;10
1;0;0;0;0;0;1;0;1;1;1;0;0;1;0;1;0;0;0;2;2;;;;;;;;;;;0;0;0;1;0;0;0;1;2;2;0;0;0;1;0;0;0;1;0.827586207;KS23SoSe;ZZ;24
0;1;0;0;0;0;1;0;0;1;1;0;0;0;1;1;0;0;0;3;2;;;;;;;;;;;0;1;0;0;0;0;0;1;3;3;1;0;0;0;0;0;0;1;0.655172414;KS23SoSe;ZZ;19
1;0;0;0;0;0;1;0;1;2;1;0;0;1;1;0;0;0;0;2;2;;;;;;;;;;;0;1;0;0;0;0;0;1;3;2;0;1;0;0;0;1;0;2;0.689655172;KS23SoSe;ZZ;20
1;0;0;0;0;0;0;0;0;2;1;0;0;1;0;0;0;0;0;3;2;;;;;;;;;;;0;0;1;0;0;0;0;1;5;5;1;0;0;0;0;0;0;1;0.896551724;KS23SoSe;ZZ;26
1;0;0;0;0;1;1;0;1;1;1;0;0;1;1;1;1;1;0;2;2;;;;;;;;;;;1;0;0;0;0;1;0;1;4;3;1;0;0;0;0;0;0;2;0.896551724;KS23SoSe;ZN;26
1;0;0;0;0;1;1;0;0;1;1;0;0;0;1;1;1;1;0;3;1;1;3;0;1;0;0;0;0;1;0;;;;;;;;1;4;3;;;;;;;;2;0.724137931;KS23SoSe;Z4;21
0;1;0;0;0;1;1;0;0;1;1;0;0;0;1;1;0;1;0;3;2;;;;;;;;;;;0;0;0;0;0;1;0;1;3;3;0;0;1;1;1;0;0;2;0.724137931;KS23SoSe;Z4;21
1;0;0;0;0;0;1;0;0;;1;1;0;0;1;0;0;0;0;3;2;;;;;;;;;;;0;1;0;0;0;0;0;1;3;2;1;0;0;0;0;0;0;1;0.586206897;KS23SoSe;Z4;17
1;0;0;0;1;1;0;0;1;1;1;1;0;0;0;1;0;0;0;1;1;2;3;0;1;0;0;0;1;0;0;;;;;;;;1;2;2;0;0;0;1;0;0;0;1;0.655172414;KS23SoSe;ZZ;19
1;0;0;1;1;0;0;0;0;1;1;0;0;0;0;0;0;0;0;3;1;1;2;0;1;0;0;1;0;0;0;;;;;;;;1;3;3;1;0;0;0;0;0;0;1;0.793103448;KS23SoSe;Z1;23
1;0;0;0;0;0;0;0;0;1;1;1;0;0;1;0;0;0;0;3;2;;;;;;;0;1;0;0;1;0;0;0;0;0;1;;3;3;0;1;0;0;0;0;0;1;0.724137931;KS23SoSe;ZZ;21
1;1;0;0;0;0;1;0;0;1;1;1;0;1;0;0;0;0;0;;2;;;;;;;;;;;0;1;1;0;0;0;1;1;3;3;0;0;1;0;1;0;0;1;0.586206897;KS23SoSe;ZZ;17
1;0;0;1;0;1;1;0;0;1;1;1;1;0;0;1;0;1;0;1;2;;;;;;;;;;;1;0;0;0;0;0;0;1;4;4;0;0;1;1;1;0;0;2;0.827586207;KS23SoSe;30;24
1;1;0;0;0;0;0;0;0;1;1;0;0;0;0;0;0;0;0;3;1;1;3;;;;;;;;;;;;;;;;1;1;1;0;0;1;0;0;0;0;;0.586206897;KS23SoSe;;17
1;0;1;0;0;0;1;0;0;1;1;1;0;1;0;0;0;0;0;2;2;;;;;;;;;;;1;0;0;0;0;1;0;1;4;3;0;0;1;1;0;0;0;1;0.655172414;KS23SoSe;Z4;19
1;0;0;0;1;0;0;0;1;1;1;1;1;1;0;1;1;0;0;3;1;1;3;0;1;0;0;1;1;0;0;;;;;;;;1;3;2;1;0;0;0;0;0;0;1;0.586206897;KS23SoSe;Z6;17
1;0;0;1;0;0;1;1;0;1;1;1;0;1;1;1;0;0;0;3;2;;;;;;;;;;;0;0;1;0;0;0;0;1;4;4;0;0;1;0;1;0;0;1;0.75862069;KS23SoSe;ZZ;22
1;0;0;0;0;0;0;0;0;;1;1;0;0;0;0;0;0;0;3;2;;;;;;;;;;;1;0;0;1;0;0;0;1;3;3;0;0;0;1;0;0;0;1;0.75862069;KS23SoSe;ZZ;22
1;0;0;0;0;0;1;0;1;1;1;1;0;1;1;1;1;0;0;3;2;;;;;;;;;;;1;0;1;0;0;0;1;1;3;3;1;0;0;0;0;0;0;1;0.655172414;KS23SoSe;ZZ;19
1;0;0;0;0;0;1;0;0;1;1;1;0;0;1;1;0;0;0;3;2;;;;;;;;;;;0;1;0;1;0;1;0;1;3;3;1;0;0;0;0;0;0;1;0.655172414;KS23SoSe;ZZ;19
1;0;0;1;0;0;0;0;0;1;1;0;0;1;0;1;0;0;0;3;2;;;;;;;;;;;1;0;0;0;0;0;0;1;3;3;0;0;1;1;1;0;0;2;0.75862069;KS23SoSe;ZS;22
1;1;0;0;0;0;0;0;1;2;1;1;0;0;1;0;0;0;1;3;2;;;;;;;;;;;0;0;1;0;0;0;0;1;3;4;0;1;0;1;0;0;0;1;0.724137931;KS23SoSe;Z1;21
1;1;0;1;0;0;1;1;0;2;0;1;0;0;0;0;0;0;0;3;2;;;;;;;;;;;1;0;0;0;0;0;0;1;3;3;0;0;1;1;1;0;0;2;0.655172414;KS23SoSe;Z9;19
1;1;1;1;0;1;1;0;0;1;1;0;0;1;1;1;1;1;0;2;1;1;2;0;1;1;0;0;0;1;1;;;;;;;;1;5;5;0;0;1;1;0;0;0;1;0.827586207;KS23SoSe;Z4;24
1;0;0;0;1;1;1;0;0;1;1;0;0;1;1;0;1;1;0;2;1;1;1;0;1;0;0;0;0;1;0;;;;;;;;1;3;3;0;0;0;1;1;0;0;1;0.793103448;KS23SoSe;ZZ;23
1;0;0;0;1;0;1;0;0;1;1;0;0;0;1;1;0;0;0;3;1;1;2;0;1;0;0;0;0;1;0;;;;;;;;1;4;2;1;0;0;0;0;0;0;1;0.724137931;KS23SoSe;ZZ;21
1;1;0;0;0;0;0;0;0;1;1;0;0;1;1;0;0;0;0;2;2;;;;;;;;;;;0;0;1;0;0;0;0;1;4;4;1;0;0;0;0;0;0;2;0.793103448;KS23SoSe;ZZ;23
1;1;0;1;0;0;1;0;0;1;1;1;0;0;1;1;0;0;0;1;;;;;;;;;;;;1;0;0;0;0;0;0;1;2;1;1;0;0;0;0;0;0;1;0.586206897;KS23SoSe;ZZ;17
1;0;0;0;0;0;1;1;0;1;1;0;0;0;1;1;0;0;0;3;1;2;3;0;1;0;0;0;1;0;0;;;;;;;;1;3;3;0;0;0;1;0;0;0;1;0.862068966;KS23SoSe;ZZ;25
1;0;0;1;1;0;1;0;0;1;1;1;0;0;0;1;1;0;0;3;1;1;2;0;1;0;0;0;1;0;0;;;;;;;;1;3;2;0;0;0;1;0;1;0;1;0.551724138;KS23SoSe;Z4;16
1;0;0;1;0;0;1;0;0;1;1;0;0;0;0;1;0;0;0;3;2;;;;;;;;;;;0;0;1;0;0;0;0;1;3;3;0;0;0;1;1;0;0;1;0.793103448;KS23SoSe;ZZ;23
1;0;0;0;0;0;1;0;0;1;1;0;0;0;1;1;0;0;0;3;2;;;;;;;;;;;0;0;1;0;0;0;0;1;4;4;0;0;1;1;0;0;0;1;0.931034483;KS23SoSe;ZZ;27
1;0;0;0;0;1;0;0;0;1;1;0;0;1;0;1;0;0;0;3;2;;;;;;;0;0;0;0;0;0;1;0;0;1;0;1;4;4;0;1;0;0;0;0;0;2;0.896551724;KS23SoSe;ZZ;26
1;0;1;0;0;0;1;1;0;1;1;0;0;1;0;0;0;0;0;3;2;;;;;;;;;;;0;0;1;0;0;0;1;1;3;3;0;0;0;1;0;0;0;1;0.75862069;KS23SoSe;ZS;22
1;0;0;0;0;0;0;0;0;1;1;1;0;0;0;0;0;0;0;2;2;;;;;;;;;;;0;0;1;0;0;0;0;1;4;3;0;1;0;0;1;0;0;2;;KS23SoSe;ZZ;
1;0;0;1;0;0;1;0;0;1;1;0;0;0;1;1;1;0;0;3;2;;;;;;;;;;;1;0;1;0;0;0;0;1;3;3;0;0;0;1;1;0;0;1;0.724137931;KS23SoSe;Z1;21
1;0;0;0;0;0;0;0;0;1;1;0;0;0;0;0;0;0;0;2;2;;;;;;;;;;;0;1;0;0;0;0;0;1;3;3;0;0;1;0;0;0;0;2;0.586206897;KS23SoSe;23;17
1;0;0;0;0;0;0;0;0;1;1;0;0;0;0;0;0;0;0;3;2;;;;;;;;;;;0;0;1;0;0;0;0;1;4;4;0;1;0;0;0;0;0;2;0.75862069;KS23SoSe;Z1;22
1;0;0;1;0;0;1;0;1;1;1;1;0;1;1;1;1;1;0;2;2;;;;;;;;;;;1;0;1;0;0;0;0;1;3;3;0;0;0;1;0;0;0;2;0.655172414;KS23SoSe;ZZ;19
1;0;1;0;1;0;1;0;0;1;1;1;0;1;1;1;1;1;0;2;1;1;1;0;1;1;0;0;0;1;0;;;;;;;;1;2;2;0;0;1;1;0;0;0;2;;KS23SoSe;Z8;
1;0;0;0;1;1;0;0;0;1;1;0;0;1;0;1;0;1;0;3;1;1;1;0;1;0;0;0;1;0;0;;;;;;;;;3;;0;0;0;1;0;0;0;1;0.75862069;KS23SoSe;ZZ;22
1;0;0;0;0;0;0;0;0;1;1;1;0;0;0;1;1;0;0;3;2;;;;;;;;;;;1;0;0;0;0;0;0;1;3;3;0;0;1;1;0;0;0;1;0.793103448;KS23SoSe;Z8;23
1;0;0;0;0;0;0;0;0;1;1;1;0;0;1;1;0;0;0;3;2;;;;;;;;;;;1;0;1;0;0;1;0;1;2;3;0;0;0;1;0;0;0;1;0.724137931;KS23SoSe;24;21
1;0;0;0;0;0;1;1;0;1;1;1;0;1;1;1;0;0;0;3;2;;;;;;;;;;;1;0;1;0;0;0;0;1;3;3;0;0;1;1;0;1;0;2;0.75862069;KS23SoSe;Z1;22
1;0;0;1;0;0;1;1;0;1;1;1;0;1;1;1;1;1;0;3;2;;;;;;;;;;;1;0;0;0;0;0;0;1;3;3;0;0;0;1;0;0;0;1;0.655172414;KS23SoSe;Z5;19
1;0;0;1;0;0;0;0;0;1;1;1;0;1;0;1;0;0;0;2;2;;;;;;;;;;;1;0;0;0;0;0;0;1;3;3;0;0;0;0;0;1;0;1;0.75862069;KS23SoSe;ZZ;22
1;0;1;0;1;1;0;1;0;1;1;0;0;1;0;0;0;0;0;;2;;;;;;;;;;;1;0;0;0;0;0;0;1;3;3;0;0;1;1;1;0;0;2;0.724137931;KS23SoSe;Z^;21
1;0;0;1;0;0;1;0;0;1;1;1;0;1;0;1;0;0;0;3;2;;;;;;;;;;;1;0;0;0;0;0;0;1;3;3;0;0;1;0;0;1;0;2;0.793103448;KS23SoSe;Z4;23
1;0;0;0;0;0;1;0;0;1;1;0;0;0;0;0;0;0;0;3;2;;;;;;;;;;;;;;;;;;;;;;;;;;;;2;0.689655172;KS23SoSe;Z6;20
1;0;0;0;0;0;1;0;1;1;1;1;0;1;1;1;0;1;0;3;2;;;;;;;;;;;1;0;1;0;0;0;0;1;3;3;1;0;0;0;0;0;0;1;0.689655172;KS23SoSe;Z1;20
1;1;0;0;0;0;1;0;0;1;1;0;0;0;1;1;0;0;0;3;2;;;;;;;;;;;0;0;0;1;0;0;1;1;4;4;0;0;1;0;0;0;0;1;0.931034483;KS23SoSe;ZZ;27
1;0;0;1;0;0;1;0;0;1;1;0;0;1;1;1;0;0;0;3;2;;;;;;;;;;;0;0;1;0;0;1;0;1;3;2;0;0;0;1;1;0;0;1;0.655172414;KS23SoSe;ZZ;19
1;1;0;0;0;0;1;0;0;1;1;1;0;0;1;1;0;0;0;1;2;;;;;;;;;;;0;0;1;1;0;0;0;1;3;3;1;0;0;0;0;0;0;1;0.689655172;KS23SoSe;Z4;20
1;0;0;0;0;1;0;0;0;1;1;1;0;0;0;1;0;1;0;1;2;;;;;;;;;;;0;0;0;0;0;1;0;1;;;;;;;;;;;0.655172414;KS23SoSe;;19
1;0;0;0;0;0;0;0;0;1;1;1;0;0;0;1;0;0;0;1;2;;;;;;;;;;;0;0;1;0;0;0;0;1;3;3;0;1;0;0;1;0;0;1;0.827586207;KS23SoSe;ZZ;24
1;1;0;0;0;0;1;0;0;1;0;0;0;1;1;1;0;0;0;2;2;;;;;;;;;;;0;0;1;1;0;0;0;1;2;2;0;0;0;1;1;0;0;1;0.655172414;KS23SoSe;ZZ;19
1;0;0;0;0;0;1;0;0;1;1;1;0;0;0;0;1;1;0;3;2;;;;;;;;;;;1;0;1;0;0;0;0;1;4;3;0;1;0;1;0;0;0;1;0.655172414;KS23SoSe;ZZ;19
1;1;0;1;1;1;0;0;0;1;1;0;0;1;1;1;0;1;0;2;1;1;1;1;1;0;0;0;1;0;0;;;;;;;;;1;1;0;0;0;0;1;0;0;1;0.586206897;KS23SoSe;Z5;17
1;0;0;1;0;0;1;0;0;1;1;1;0;0;0;1;0;0;0;3;2;;;;;;;;;;;0;1;0;0;0;0;0;1;4;4;1;0;0;0;0;0;0;2;0.827586207;KS23SoSe;22;24
1;0;0;1;1;1;0;0;0;1;1;0;0;0;0;0;1;1;0;1;1;1;1;0;1;0;0;1;1;1;0;;;;;;;;1;3;3;0;1;0;0;0;0;0;2;0.724137931;KS23SoSe;ZZ;21
0;1;0;0;0;0;1;1;1;1;1;0;0;0;0;0;0;0;0;2;2;;;;;;;;;;;0;0;0;1;0;0;0;1;3;3;1;0;0;0;0;1;0;1;0.586206897;KS23SoSe;ZZ;17
1;0;0;0;0;0;1;0;0;2;1;0;1;1;0;1;0;0;0;3;2;;;;;;;;;;;0;0;1;0;0;0;1;1;4;4;0;0;1;0;0;0;0;1;0.862068966;KS23SoSe;ZZ;25
1;0;0;0;0;1;0;0;1;1;1;0;0;0;1;1;0;1;0;3;1;1;3;0;1;1;0;0;0;0;1;;;;;;;;1;3;4;0;1;0;0;0;1;0;2;0.793103448;KS23SoSe;ZZ;23
1;0;0;0;0;1;1;0;1;1;0;1;0;0;0;0;0;1;0;3;2;;;;;;;;;;;0;0;1;0;0;1;0;1;3;3;1;0;0;0;0;0;0;2;0.75862069;KS23SoSe;ZZ;22
1;0;0;1;0;1;0;0;0;1;1;1;0;0;0;0;0;1;0;;2;2;1;1;1;1;0;0;1;0;1;0;0;0;0;0;1;1;1;4;4;1;0;0;0;0;0;0;2;0.793103448;KS23SoSe;ZG;23
1;0;1;0;1;1;1;1;0;1;1;1;0;0;1;1;1;0;0;3;1;1;2;0;1;0;0;0;0;1;0;;;;;;;;1;5;4;1;0;0;1;0;0;0;1;0.793103448;KS23SoSe;ZZ;23
1;0;0;1;0;0;1;1;0;1;1;1;0;0;1;0;0;0;0;3;2;;;;;;;;;;;1;0;0;0;0;1;0;1;3;3;0;1;0;0;0;1;0;1;0.793103448;KS23SoSe;ZZ;23
1;1;0;1;0;0;1;0;1;1;1;1;0;0;1;1;0;0;0;3;2;;;;;;;;;;;0;0;0;1;0;0;1;1;3;3;0;0;1;1;0;1;0;1;0.655172414;KS23SoSe;ZZ;19
1;0;0;0;0;0;1;0;0;1;1;0;0;0;0;0;0;0;0;2;2;;;;;;;;;;;0;1;0;0;0;0;0;1;4;2;1;0;0;0;0;0;0;2;0.724137931;KS23SoSe;ZZ;21
1;0;0;0;0;1;0;0;1;1;;;;;;;;;;3;1;1;2;0;1;1;0;0;1;1;1;;;;;;;;1;4;3;1;0;0;0;0;0;0;2;0.793103448;KS23SoSe;Z1;23
0;1;1;0;0;0;0;0;0;1;1;0;0;1;0;1;0;0;0;2;2;;;;;;;;;;;1;0;0;0;0;0;0;1;3;2;0;1;0;0;1;0;0;1;0.620689655;KS23SoSe;Z5;18
1;0;0;0;1;0;0;1;0;1;1;1;0;0;1;1;1;0;0;1;1;1;1;0;1;0;0;0;0;1;0;;;;;;;;1;3;3;0;0;0;1;0;0;0;1;0.827586207;KS23SoSe;Z5;24
0;1;0;0;0;0;1;0;0;1;1;0;0;1;1;0;0;0;0;2;2;;;;;;;;;;;0;1;1;0;0;0;0;1;4;4;0;0;1;1;0;0;1;2;0.551724138;KS23SoSe;ZZ;16
1;1;0;0;0;0;0;0;0;1;1;1;0;0;0;1;0;0;0;3;2;;;;;;;;;;;0;1;0;0;0;0;0;;2;2;1;0;0;0;0;0;0;2;0.896551724;KS23SoSe;ZZ;26
1;0;0;0;0;0;1;0;0;1;1;0;0;0;1;1;0;1;0;1;2;;;;;;;;;;;1;0;1;0;0;0;1;1;3;2;0;1;0;1;0;0;0;1;0.75862069;KS23SoSe;Z4;22
1;1;0;0;0;0;1;0;0;1;1;0;0;1;0;1;1;0;0;2;2;;;;;;;;;;;1;0;0;0;0;0;0;1;3;3;0;0;0;0;1;0;0;1;0.75862069;KS23SoSe;ZZ;22
1;0;0;0;1;0;1;0;0;1;1;1;0;1;0;1;1;0;0;3;1;1;2;0;1;0;0;0;0;0;1;;;;;;;;;4;3;0;0;1;1;1;0;0;1;0.827586207;KS23SoSe;Z6;24
1;0;0;0;0;0;1;1;0;1;1;0;0;1;1;1;1;1;0;3;2;;;;;;;;;;;1;0;1;0;0;1;0;1;4;4;0;0;1;0;0;0;0;2;0.689655172;KS23SoSe;ZZ;20
1;0;1;0;0;0;1;0;0;1;1;0;1;1;1;1;0;0;0;3;2;;;;;;;;;;;0;1;1;0;0;0;1;1;5;4;0;0;1;1;0;1;0;2;0.931034483;KS23SoSe;ZZ;27
1;0;0;0;0;0;1;0;1;1;1;1;0;1;1;1;1;0;0;2;2;;;;;;;;;;;1;0;1;0;0;0;0;1;4;3;1;0;0;0;0;0;0;1;0.689655172;KS23SoSe;ZZ;20
1;0;0;0;0;0;0;0;1;1;0;1;0;0;0;0;0;0;0;1;2;;;;;;;;;;;1;0;0;0;0;0;0;1;3;2;0;1;0;1;1;0;0;2;0.655172414;KS23SoSe;ZZ;19
1;1;0;0;0;0;1;0;0;1;1;1;0;1;1;1;1;0;0;3;2;;;;;;;;;;;1;0;0;0;0;0;0;1;2;1;0;0;0;1;1;0;0;1;0.586206897;KS23SoSe;Z6;17
0;0;0;0;0;0;0;0;1;;1;1;0;0;0;1;0;0;0;3;2;;;;;;;;;;;1;0;0;0;0;0;0;1;2;1;1;0;0;0;0;0;0;1;0.793103448;KS23SoSe;ZZ;23
0;0;0;0;0;0;1;1;0;;0;0;0;0;0;1;0;0;0;3;2;;;;;;;;;;;0;0;0;0;0;1;0;1;3;2;1;0;0;0;0;0;0;1;0.793103448;KS23SoSe;ZZ;23
1;0;0;0;0;1;0;0;0;1;1;0;0;0;0;0;0;1;0;3;2;;;;;;;;;;;0;0;0;0;0;1;0;1;4;5;0;1;0;0;1;0;0;2;0.586206897;KS23SoSe;;17
1;0;0;0;0;0;1;0;1;1;1;0;0;1;1;1;0;0;0;2;2;;;;;;;;;;;0;0;0;1;0;0;0;1;3;3;1;0;0;0;0;0;0;2;0.827586207;KS23SoSe;ZR;24
1;0;0;0;0;0;0;1;0;1;1;1;0;1;1;1;1;1;0;3;2;;;;;;;;;;;0;0;0;0;0;0;1;1;3;3;1;0;0;0;0;0;0;1;0.655172414;KS23SoSe;Z4;19
1;0;0;0;0;0;1;0;0;1;1;0;0;0;1;1;0;0;0;1;2;;;;;;;;;;;0;1;1;0;0;0;0;1;4;4;0;0;1;1;0;0;0;1;0.75862069;KS23SoSe;Z4;22
1;0;0;1;0;0;1;0;1;1;1;0;0;0;0;1;0;0;0;3;2;;;;;;;;;;;1;1;0;0;0;0;1;1;3;3;0;1;0;0;0;0;0;1;0.724137931;KS23SoSe;Z1;21
1;0;0;1;0;0;1;1;0;1;1;0;0;0;0;0;0;0;0;3;2;;;;;;;;;;;1;0;0;0;0;0;1;1;3;2;0;1;0;0;0;0;0;2;0.620689655;KS23SoSe;ZZ;18
1;0;0;1;0;0;1;0;1;1;1;0;0;1;1;1;0;0;0;2;2;;;;;;;;;;;0;0;0;0;0;0;1;1;3;2;0;1;0;1;0;1;0;1;0.620689655;KS23SoSe;ZZ;18
1;0;0;0;0;0;1;0;0;1;1;1;0;0;1;1;0;0;0;3;2;;;;;;;;;;;1;0;0;0;0;0;0;1;4;2;0;0;0;1;0;1;0;1;0.517241379;KS23SoSe;Z4;15
1;0;0;0;0;0;0;0;0;1;1;1;0;0;0;1;0;0;0;3;2;;;;;;;;;;;0;0;1;0;0;0;0;1;3;3;0;0;1;0;0;0;0;1;0.896551724;KS23SoSe;ZZ;26
1;0;1;0;1;1;1;1;0;1;1;1;1;0;1;1;1;1;0;1;1;1;1;1;0;1;0;1;1;1;1;;;;;;;;1;4;4;0;0;0;1;0;0;0;2;;KS23SoSe;41;
0;1;0;0;1;0;1;0;1;1;1;1;0;1;1;1;1;0;0;3;1;1;2;1;1;1;0;0;0;1;1;;;;;;;;1;2;2;0;0;1;1;0;0;0;1;0.793103448;KS23SoSe;Z4;23
1;0;0;1;0;0;1;0;1;1;0;0;0;0;1;0;0;0;0;3;2;;;;;;;;;;;1;0;0;0;0;0;0;1;2;1;0;0;1;1;1;0;0;1;0.620689655;KS23SoSe;ZZ;18
0;1;0;0;0;0;0;0;0;1;1;0;0;0;0;0;0;0;0;1;2;;;;;;;;;;;;;;;;;;;;;;;;;;;;;;KS23SoSe;;
1;0;0;0;0;1;0;0;0;1;1;0;0;0;1;1;0;1;0;3;2;;;;;;;;;;;1;0;0;0;0;1;0;;3;3;0;0;0;1;0;0;0;2;;KS23SoSe;ZZ;
1;0;0;0;1;0;1;0;0;1;1;0;0;0;0;0;0;0;0;1;1;1;3;1;0;0;0;0;1;0;0;;;;;;;;1;3;;0;0;0;1;0;0;0;1;;KS23SoSe;Z5;
1;0;0;0;1;1;1;0;0;1;1;0;0;1;0;0;0;0;0;3;1;1;2;0;0;1;0;1;1;1;0;;;;;;;;1;3;2;0;0;1;1;0;0;0;2;;KS23SoSe;ZZ;
1;1;1;1;1;0;1;1;0;1;1;1;1;1;1;1;1;1;1;2;1;1;1;1;1;0;0;0;1;1;1;;;;;;;;1;3;;0;0;1;1;0;1;0;1;0.793103448;KS23SoSe;Z8;23
1;0;0;1;0;0;1;0;1;1;1;1;0;1;1;1;0;0;0;3;2;;;;;;;;;;;0;1;1;0;0;0;0;1;2;2;0;0;0;1;0;1;0;1;0.620689655;KS23SoSe;ZZ;18
1;1;0;0;1;1;1;1;1;1;1;1;1;1;1;0;1;1;1;3;1;1;1;1;1;0;0;0;1;1;0;;;;;;;;1;2;2;0;1;0;1;1;1;0;1;0.724137931;KS23SoSe;Z5;21
