Bogen;"Segmentierte Handschrift";"Segmentierte Handschrift";"Ich stimme der Datenverarbeitung sowie der Datenweitergabe für Lehrforschungszwecke und die Verbesserung der Lehre an der Medizinischen Fakultät der Universität Ulm zu.";"Q9-Skripte, digitale Nutzung";"Q9-Skripte, Papierdruck";"Lehrbuch/-bücher Wenn ja, welches Lehrbuch nutzen Sie primär? ____________________________________________";"Leitlinien der Fachgesellschaften (im Original)";"Anki-Lernkarten (bereitgestellt durch Institut für klin. Pharmakologie)";"Anki-Lernkarten (selbst oder anderweitig erstellt)";"Aufgaben/Patientenfälle auf Moodle";"Testfragen auf Moodle";"andere: ____________________________________________";"2. Wie kann Ihre grundsätzliche Haltung gegenüber E-Learning-Angeboten beschrieben werden?";"Lernskripte";"zeitunabhängig angebotene Vorlesungs- und Seminarvideos";"Online-Live-Veranstaltungen an bestimmten Terminen (z.B. über Zoom)";"Präsenzveranstaltungen an bestimmten Terminen";"Aufgaben zur eigenständigen Bearbeitung (mit Lösung)";"Testfragen zu den Lerninhalten";"Anki-Lernkarten (bereitgestellt durch Institut für klinische Pharmakologie)";"Anki-Lernkarten (selbst oder anderweitig erstellt)";"alle sind gleich nützlich";"4. Welche Form der Lehre würden Sie in Zukunft bevorzugen?";"5. Haben Sie die Anki-Lernkarten Klinische Pharmakologie genutzt?";"6. Haben Sie die Anki-Lernkarten als Lernmaterial als hilfreich empfunden?";"7. In welchem Umfang haben Sie die Anki-Lernkarten verwendet?";"Installation des Programms(Zeit in Stunden):                                       ";"Einarbeiten/Lesen der Bedienungsanleitung (Zeit in Stunden):";"Lernen mit Anki-Lernkarten (durchschnittliche Stunden pro Woche, innerhalb der letzten 6 Monate):";"semesterbegleitend ";"zur Prüfungsvorbereitung";"in speziellen Situationen, z.B. im Bus/Zug";"Sonstiges: ____________________";"PC";"Laptop";"Tablet";"Handy";"Ich hatte nicht ausreichend Zeit dazu. ";"Die Lernkarten haben mich nicht interessiert.";"Das bestehende Angebot an Lehrmaterialien war für mich ausreichend.";"Die Installation der Software und/oder die Auseinandersetzung mit der Bedienungsanleitung waren mir zu aufwändig.";"Ich wusste nicht, dass es die Lernkarten gibt.";"Ich nutze eigene Lernkarten.";"Sonstige Gründe: ______________________________________";"12. Sollten Ihrer Meinung nach Anki-Lernkarten in Zukunft weiter angeboten werden?";"13. Haben Sie Anmerkungen zu den Anki-Lernkarten? Haben Sie Anmerkungen zum Q9-Unterricht?";"14. Wie schätzen Sie Ihre Studienleistung  insgesamt im Vergleich zu anderen Studierenden Ihres Semesters ein?";"15. Wie schätzen Sie Ihre Studienleistung  im Fach Klinische Pharmakologie im Vergleich zu anderen Studierenden Ihres Semesters ein?";"Nein, nicht wesentlich.";"Ja, ich habe seitdem weniger Zeit mit studienbezogenen Tätigkeiten (z.B. Lernen) verbracht als zuvor.";"Ja, ich habe seitdem mehr Zeit mit studienbezogenen Tätigkeiten (z.B. Lernen) verbracht als zuvor.";"Ja, ich verwende seitdem mehr E-Learning-Tools als vorher.";"Ja, ich lerne seitdem weniger gemeinsam mit Kommilitonen/in Lerngruppen als vorher.";"Ja, ich lerne seitdem mehr gemeinsam mit Kommilitonen/in Lerngruppen als vorher.";"Sonstige Veränderungen: ______________________________________";"Wie alt sind Sie (in Jahren)?";"Bitte geben Sie Ihr Geschlecht an:";Datensatz-Ursprung
1;"LU   21";"VA   07";1;1;0;0;0;0;0;0;1;0;;1;0;0;0;0;1;0;0;0;3;2;;;"";"";"";0;0;0;0;0;0;0;0;1;1;0;0;0;0;0;;"[LEER]";;;1;0;0;0;0;0;0;"Z4";1;"P"
2;"JE   14";"MA   14";1;1;0;0;0;0;0;1;1;1;1;1;1;0;1;0;1;0;0;0;3;2;;;"";"";".";0;0;0;0;0;0;0;0;0;0;0;0;0;0;1;1;"[LEER]";1;1;0;0;0;1;0;1;0;"Z5";1;"P"
3;"GE   25";"WA   10";1;1;0;0;0;0;0;1;0;0;2;1;0;1;1;0;1;0;0;0;3;2;;;"";"";"";0;0;0;0;0;0;0;0;1;0;0;0;0;0;0;1;"[LEER]";2;2;0;0;1;0;0;0;0;"ZZ";1;"P"
4;"ST   28";"TH   10";1;1;1;0;0;1;0;1;1;0;1;1;1;0;1;0;1;0;0;0;2;1;2;3;"O";"//O";"//Z";0;1;0;0;0;1;0;0;0;0;0;0;0;0;0;1;"[LEER]";3;3;0;0;1;1;0;1;0;"Z1";2;"P"
5;"EL   04";"WO   12";1;1;0;0;0;0;0;0;1;0;1;1;0;0;0;0;0;0;0;0;1;;;;"";"";"";0;0;0;0;0;0;0;0;1;1;1;0;0;0;0;;"[LEER]";2;2;0;0;1;0;0;0;0;"Z4";2;"P"
6;"EV   07";"JE   10";1;1;1;0;0;1;0;1;1;0;1;1;1;1;1;1;1;1;0;0;;1;1;2;"OOO";"OO1";"OOZ";1;1;0;0;1;1;0;0;0;0;0;0;0;0;0;1;"[LEER]";3;2;0;0;1;1;1;0;0;"ZZ";1;"P"
7;"MI   15";"KA   20";1;1;1;0;0;0;0;1;1;1;;1;1;1;1;1;1;0;0;0;2;2;;;"";"";"";0;0;0;0;0;0;0;0;0;0;1;0;0;0;0;1;"[LEER]";4;4;0;0;1;0;0;0;0;"ZZ";2;"P"
8;"HE   03";"CH   03";1;1;0;0;0;0;0;1;1;1;1;1;1;0;0;1;1;0;0;0;3;2;;;"";"";"";0;0;0;0;0;0;0;0;0;1;0;0;0;0;0;1;"[LEER]";3;3;0;0;0;1;0;1;0;"ZZ";1;"P"
9;"AM   05";"MA   15";1;0;1;0;0;1;0;1;1;0;2;1;1;0;0;1;1;0;0;0;3;1;2;2;"O1O";"OOZ";"ZOO";0;1;0;0;0;1;0;0;0;0;0;0;0;0;0;1;"[LEER]";3;2;0;0;1;0;0;0;0;"Z1";2;"P"
10;"BA   22";"JO   06";1;1;1;0;0;1;1;1;1;0;1;1;1;0;0;0;1;1;1;0;1;1;2;3;".";"O";"1";0;1;0;0;0;1;0;0;0;0;0;0;0;0;0;1;"[LEER]";3;3;0;0;0;1;0;0;0;"Z4";1;"P"
11;"CH   03";"JU   10";1;1;1;0;0;0;0;0;1;0;1;1;1;0;0;1;1;0;0;0;3;2;;;"";"";"";0;0;0;0;0;0;0;0;0;1;0;0;0;0;0;1;"[LEER]";4;3;0;1;0;0;0;0;0;"ZZ";2;"P"
12;"SA   01";"FL   05";1;1;0;0;1;1;0;1;1;0;1;1;1;0;1;1;1;1;0;0;3;1;1;1;"0,5";",5";"4";0;1;0;0;0;1;0;0;0;0;0;0;0;0;0;1;"[LEER]";2;2;0;0;0;1;1;0;1;"Z1";1;"P"
13;"NA   14";"KO   23";1;1;0;0;0;0;0;1;1;0;1;1;0;0;1;1;1;0;0;0;2;2;;;"";"";"";0;0;0;0;0;0;0;0;1;0;0;0;0;0;0;1;"[LEER]";5;4;0;0;0;0;0;0;0;"21";2;"P"
14;"MA   19";"PE   26";1;1;0;0;1;1;0;0;1;1;1;1;1;0;0;1;1;1;0;0;1;1;2;1;"O";"D";"XX";0;1;0;0;0;0;1;1;0;0;0;0;0;0;0;1;"[LEER]";4;2;0;1;0;1;0;0;0;"Z1";1;"P"
15;"MO   18";"GA   07";1;1;1;0;0;0;1;0;1;0;1;1;1;0;0;0;1;0;1;0;3;2;;;"";"";"";0;0;0;0;0;0;0;0;1;0;1;0;0;1;0;1;"[LEER]";4;3;0;0;1;1;0;0;0;"ZZ";2;"P"
16;"IR   12";"KL   01";1;1;0;0;0;0;0;0;1;0;1;1;0;0;0;0;1;0;0;0;3;2;;;"";"";"";0;0;0;0;0;0;0;0;1;0;0;0;0;0;0;;"[LEER]";3;2;0;0;0;1;0;0;0;"ZS";2;"P"
17;"SU   11";"HA   26";1;1;0;0;1;1;0;1;1;0;1;1;1;0;1;0;1;1;0;1;3;1;1;2;"OO1";"001";"OO1";0;1;0;0;0;1;1;0;0;0;0;0;0;0;0;1;"[LEER]";3;3;0;0;0;1;1;0;0;"ZZ";2;"P"
18;"JA   15";"DA   04";1;1;0;0;0;1;1;0;1;0;1;0;1;0;1;1;1;1;0;0;3;1;1;2;"O";"O";"1";0;1;0;0;0;0;1;0;0;0;0;0;0;0;0;1;"[LEER]";3;3;0;0;0;1;0;0;0;"ZZ";1;"P"
19;"JU   24";"PE   17";1;1;0;1;0;0;0;1;1;1;1;1;0;0;1;1;1;0;0;0;2;2;;;"";"";"";0;0;0;0;0;0;0;0;0;1;1;0;0;0;0;1;"[LEER]";4;4;1;0;0;0;0;0;0;"ZZ";2;"P"
20;"BA   13";"FR   12";1;1;1;0;0;0;0;1;1;0;1;1;1;0;0;1;1;1;0;0;3;2;;;"";"";"";0;0;0;0;0;0;0;0;1;0;0;1;0;0;1;1;"[LEER]";4;3;0;0;0;0;1;0;0;"ZZ";1;"P"
21;"MO   05";"AR   26";1;1;0;0;1;0;0;1;1;0;1;1;1;0;0;1;1;0;0;0;3;2;;;"";"";"";0;0;0;0;0;0;0;0;0;0;1;0;0;1;0;2;"[LEER]";3;3;0;0;0;1;1;0;0;"Z1";1;"P"
22;"BE   24";"DI   19";1;1;0;0;0;0;0;1;1;1;1;1;0;0;0;0;1;0;0;0;3;1;2;2;"0,1";"91";"6";1;0;1;0;0;1;0;0;0;0;0;0;0;0;0;2;"[LEER]";4;4;0;0;1;1;1;0;0;"ZZ";1;"P"
23;"MA   06";"FR   20";;0;1;0;0;0;0;0;1;0;1;1;0;0;0;1;1;0;0;0;1;1;1;2;"";"";"";0;1;0;0;0;1;0;0;0;0;0;0;0;0;0;1;"[LEER]";1;1;0;0;1;0;0;0;0;"ZZ";1;"P"
24;"ED   10";"HA   20";1;1;0;0;0;0;1;1;1;0;1;1;1;0;1;1;1;1;1;0;3;2;;;"";"";"";0;0;0;0;0;0;0;0;1;0;1;0;0;1;0;1;"[LEER]";3;2;0;0;1;1;0;0;0;"Z4";2;"P"
25;"AN   29";"WO   06";;1;0;0;0;1;0;0;0;1;1;1;1;0;1;0;0;1;0;0;3;1;1;2;",25";"0";"6";0;1;1;0;1;1;0;1;0;0;0;0;0;0;0;1;"[LEER]";2;1;0;1;0;0;0;1;0;"ZZ";2;"P"
26;"KA   07";"MA   16";1;1;0;0;0;0;0;1;1;0;1;1;0;0;0;0;1;0;0;0;3;2;;;"";"";"";0;0;0;0;0;0;0;0;1;0;0;0;0;0;0;1;"[LEER]";3;3;0;0;0;1;1;0;0;"ZZ";1;"P"
27;"FL   17";"BU   30";1;1;0;0;0;0;1;0;1;0;1;1;0;0;0;0;0;0;1;0;2;2;;;"";"";"";0;0;0;0;0;0;0;0;0;0;0;0;0;1;0;1;"[LEER]";4;4;0;0;1;1;0;1;0;"ZZ";2;"P"
28;"VI   17";"MA   11";1;1;0;0;0;0;0;0;1;1;1;1;1;0;0;1;1;0;0;0;3;2;;;"";"";"";0;0;0;0;0;0;0;0;1;0;0;0;0;0;0;1;"[LEER]";1;1;0;0;1;1;1;0;0;"ZZ";1;"P"
29;"UT   21";"UW   14";1;1;0;0;0;0;0;1;1;0;1;1;0;0;0;0;1;0;0;0;3;2;;;"";"";"";0;0;0;0;0;0;0;0;0;0;1;0;0;0;0;1;"[LEER]";3;3;0;0;1;1;0;0;0;"ZZ";1;"P"
30;"MA   01";"ME   15";;1;0;0;0;0;0;0;0;0;1;1;1;0;0;0;1;0;0;0;1;2;;;"";"";"";0;0;0;0;0;0;0;0;0;0;0;0;1;0;0;1;"[LEER]";2;3;1;0;0;0;0;0;0;"Z7";2;"P"
31;"SA   05";"CH   07";1;1;1;0;0;0;0;0;1;0;1;1;0;0;1;1;1;0;0;0;1;2;;;"";"";"";0;0;0;0;0;0;0;0;0;0;1;1;0;0;0;1;"[LEER]";3;3;1;0;0;0;0;0;0;"ZZ";1;"P"
32;"AN   10";"JO   20";1;1;0;0;0;0;0;0;1;1;2;1;1;1;0;1;1;0;0;0;1;2;;;"";"";"";0;0;0;0;0;0;0;0;1;0;0;0;0;0;0;1;"[LEER]";3;3;0;0;1;0;0;1;1;"ZO";1;"P"
33;"SA   20";"MI   25";1;1;0;0;0;0;1;0;1;0;1;1;1;0;0;0;1;0;1;0;1;2;;;"";"";"";0;0;0;0;0;0;0;0;0;0;0;0;0;1;1;1;"[LEER]";4;3;1;0;0;0;0;0;0;"Z4";2;"P"
34;"SI   18";"WO   31";1;1;0;1;0;1;1;0;1;0;1;1;0;0;0;0;0;0;1;0;3;1;2;1;"000";"000";"014";1;0;0;0;0;1;0;0;0;0;0;0;0;0;0;;"[LEER]";5;4;0;1;0;0;0;0;0;"Z6";2;"P"
35;"HE   20";"TH   07";1;1;1;0;0;0;0;1;1;1;1;1;0;0;1;1;1;1;1;0;2;2;;;"";"";"";0;0;0;0;0;0;0;0;1;0;1;1;0;1;1;1;"[LEER]";4;4;1;0;0;0;0;0;0;"Z4";1;"P"
36;"AN   17";"MA   22";1;1;0;0;0;1;0;0;1;0;1;1;0;0;0;0;1;1;1;0;1;1;1;1;"C";"O";"14";0;1;0;0;0;0;1;1;0;0;0;0;0;0;0;1;"[LEER]";3;2;1;0;0;0;0;0;0;"Z1";1;"P"
37;"VE   18";"OT   19";;1;1;0;0;1;0;1;1;0;1;1;0;0;0;0;1;0;0;0;3;1;1;3;"O";"0";"Z";0;1;0;0;0;0;1;0;0;0;0;0;0;0;0;1;"[LEER]";3;2;0;0;0;1;0;0;0;"Z6";1;"P"
38;"LV   28";"GO   24";;1;0;0;0;0;0;0;1;0;1;1;0;1;1;0;0;0;0;0;3;2;;;"";"";"";0;0;0;0;0;0;0;0;0;0;1;0;0;0;0;;"[LEER]";4;4;0;0;0;0;0;0;0;"ZO";1;"P"
39;"SO   02";"JU   05";1;1;0;0;0;1;1;0;1;0;1;1;0;0;0;1;1;1;1;0;3;1;1;3;"1";"O";"Z";0;1;0;0;0;1;0;0;0;0;0;0;0;0;0;1;"[LEER]";4;3;1;0;0;0;0;0;0;"Z1";2;"P"
40;"CH   21";"CH   27";1;1;0;0;1;1;1;1;1;0;1;1;1;0;0;1;1;1;1;0;3;1;1;2;"O";"O";"1";0;1;1;0;0;1;1;1;0;0;0;0;0;0;0;1;"[LEER]";3;3;0;0;1;1;0;1;0;"ZZ";2;"P"
41;"BA   01";"VO   02";1;1;0;0;0;1;0;0;0;0;1;1;1;0;0;0;1;1;0;0;1;1;1;2;"OO1";"DO1";"OO7";0;1;0;0;0;1;0;0;0;0;0;0;0;0;0;1;"[LEER]";3;3;0;0;1;1;1;0;0;"ZZ";2;"P"
42;"MA   13";"GU   02";1;1;0;0;0;0;0;0;0;0;1;1;0;0;0;0;0;0;0;0;1;;;;".";"";"";0;0;0;0;0;0;0;0;1;0;0;0;0;0;0;1;"[LEER]";3;3;0;0;0;1;0;0;0;"ZZ";1;"P"
43;"SA   12";"UL   30";1;1;0;0;0;1;0;0;0;0;1;1;1;0;0;0;0;1;0;0;1;1;1;1;"O";"O";"0,5";0;1;0;0;0;1;1;0;0;0;0;0;0;0;0;1;"[LEER]";3;;0;0;0;1;0;1;0;"ZZ";1;"P"
44;"MO   03";"HE   04";1;1;0;0;0;1;0;1;1;0;1;1;0;0;0;1;1;1;0;0;3;1;1;1;"0,5";",5";"5";0;1;0;0;1;0;0;0;0;0;0;0;0;0;0;1;"[LEER]";3;3;0;0;0;1;1;0;0;"ZZ";1;"P"
45;"SI   27";"FR   04";1;0;1;0;1;0;0;0;1;1;1;1;1;0;1;0;1;0;0;0;3;2;;;"";"";"";0;0;0;0;0;0;0;0;0;0;0;0;0;0;1;1;"[LEER]";3;3;0;0;1;1;0;0;0;"ZQ";1;"P"
46;"MA   27";"KA   14";1;1;1;0;0;0;0;0;1;0;1;1;1;0;0;1;1;0;0;0;3;2;;;"";"";"";0;0;0;0;0;0;0;0;0;1;0;0;0;0;0;1;"[LEER]";3;4;0;0;1;0;0;0;0;"Z1";1;"P"
47;"SA   08";"WO   29";1;1;0;0;0;0;0;0;1;0;1;1;0;0;0;0;1;0;0;0;1;2;;;"";"";"";0;0;0;0;0;0;0;0;1;0;0;0;0;0;0;1;"[LEER]";2;2;0;1;0;1;1;0;0;"ZZ";1;"P"
48;"SI   26";"AX   31";1;1;0;0;0;1;1;0;0;0;1;1;1;0;0;1;1;1;1;0;3;1;1;1;"1";"1";"Y";0;1;0;0;0;0;1;0;0;0;0;0;0;0;0;1;"[LEER]";4;4;0;0;0;1;0;1;1;"ZZ";1;"P"
49;"HI   07";"ST   12";1;1;0;0;0;0;0;0;1;0;1;1;1;0;0;0;1;0;0;0;3;2;;;"";"";"";0;0;0;0;0;0;0;0;1;0;0;1;0;0;0;1;"[LEER]";4;3;0;0;1;1;0;0;0;"ZZ";2;"P"
50;"ZZ   39";"ZZ   99";1;1;0;0;0;0;1;0;1;0;1;0;0;0;0;0;1;0;1;0;1;;;;"";"";"";0;0;0;0;0;0;0;0;1;0;0;0;0;1;0;;"[LEER]";3;2;0;0;0;1;0;0;0;"ZZ";2;"P"
51;"BR   02";"AX   18";1;0;1;0;0;0;0;0;1;1;1;1;0;0;1;0;1;0;0;0;2;2;;;"";"";"";0;0;0;0;0;0;0;0;0;0;1;0;0;0;0;1;"[LEER]";4;3;0;0;0;1;1;0;0;"ZZ";2;"P"
52;"BI   23";"KA   11";1;0;1;1;0;1;1;1;1;0;1;1;1;0;1;1;1;1;1;0;2;1;1;2;"OI5";"0,5";"OOZ";1;1;1;0;0;0;1;1;0;0;0;0;0;0;0;1;"[LEER]";3;5;0;0;0;1;1;0;0;"Z4";1;"P"
53;"PE   09";"RO   11";1;1;0;0;1;0;0;1;1;1;1;1;1;0;1;0;1;0;0;0;3;2;;;"";"";"";0;0;0;0;0;0;0;0;0;0;1;1;0;0;0;;"[LEER]";3;3;0;0;0;1;1;0;0;"Z4";1;"P"
54;"NI   16";"ST   11";1;1;0;0;0;1;0;0;1;0;2;0;0;0;0;1;1;0;0;0;2;1;2;1;"OI1";"O\^";"6";0;1;0;0;0;1;0;0;0;0;0;0;0;0;0;1;"[LEER]";3;1;0;1;0;0;0;0;0;"ZZ";2;"P"
55;"PE   15";"AC   05";1;1;0;0;0;0;0;0;1;1;1;1;1;1;0;1;1;0;0;0;1;2;;;"";"";"";0;0;0;0;0;0;0;0;1;0;1;0;0;0;0;1;"[LEER]";3;3;0;0;1;1;0;0;0;"ZO";2;"P"
56;"SI   08";"RE   12";1;1;1;0;0;1;0;0;1;0;1;0;0;0;0;1;1;0;1;0;3;1;1;2;"1";"95";"1";0;1;1;0;0;0;0;1;0;0;0;0;0;0;0;1;"[LEER]";3;3;0;1;0;0;0;1;0;"ZZ";2;"P"
57;"GU   30";"MA   09";1;1;0;1;0;0;0;0;1;0;1;1;0;0;0;0;0;0;0;0;3;2;;;"";"";"";0;0;0;0;0;0;0;0;0;1;0;0;0;0;0;1;"[LEER]";4;2;1;0;0;0;0;0;0;"ZZ";1;"P"
58;"EL   07";"DI   22";1;1;0;0;0;0;0;0;0;0;2;1;0;0;0;0;0;0;0;0;3;2;;;"";"";"";0;0;0;0;0;0;0;0;1;0;0;0;0;0;0;1;"[LEER]";2;2;0;0;1;0;0;0;0;"21";2;"P"
59;"UR   10";"HE   05";1;1;0;0;0;0;0;0;1;0;1;1;0;0;0;1;0;0;0;0;1;2;;;"";"";"";0;0;0;0;0;0;0;0;0;1;1;0;0;0;0;2;"[LEER]";4;3;0;0;1;1;0;0;0;"ZY";1;"P"
60;"SA   22";"LE   11";1;1;0;0;1;1;1;0;1;0;1;1;0;0;0;0;1;1;1;0;3;1;1;1;"O";"O";"4O";0;1;0;0;0;1;1;0;0;0;0;0;0;0;0;1;"[LEER]";3;3;0;1;0;1;1;0;0;"ZZ";2;"P"
61;"MO   24";"OL   05";1;1;0;1;0;1;0;1;1;0;1;1;0;0;0;1;1;0;0;0;1;1;2;3;"1";"Z";"Z";0;0;0;1;0;0;0;1;0;0;0;0;0;0;0;1;"[LEER]";3;3;1;0;0;0;0;0;0;"Z5";1;"P"
62;"AL   26";"JE   18";1;1;0;0;0;0;1;1;1;0;1;1;1;0;0;1;1;1;1;0;3;2;;;"";"";"";0;0;0;0;0;0;0;0;0;0;0;0;0;1;0;1;"[LEER]";3;3;1;0;0;0;0;0;0;"ZZ";2;"P"
63;"SI   14";"AX   16";1;1;0;0;1;0;0;1;0;0;1;1;0;0;0;0;0;1;0;0;3;1;1;1;"0,1";"OI1";"ZOO";0;1;0;0;0;1;0;0;0;0;0;0;0;0;0;1;"[LEER]";4;3;0;1;0;0;0;0;0;"ZZ";1;"P"
64;"AN   21";"VA   06";1;1;0;0;0;1;0;1;1;0;1;1;0;0;0;0;0;0;0;0;2;1;2;1;"1";"1";"Y";0;1;0;0;0;1;0;0;0;0;0;0;0;0;0;1;"[LEER]";3;3;0;0;0;1;0;0;0;"ZZ";1;"P"
65;"IN   21";"MI   07";1;0;1;0;0;0;0;1;1;1;1;1;1;0;1;1;1;0;0;0;2;2;;;"";"";"";0;0;0;0;0;0;0;0;0;0;1;0;0;0;0;1;"[LEER]";5;4;0;0;1;1;0;0;0;"ZZ";2;"P"
66;"ER   24";"GE   27";1;1;1;0;0;1;0;1;1;0;1;1;1;1;0;1;1;1;0;0;1;;1;1;"1";"O";"1O";0;1;0;0;0;1;0;0;0;0;0;0;0;0;0;1;"[LEER]";3;3;0;0;1;1;0;0;0;"ZZ";1;"P"
67;"AN   19";"PE   15";1;1;0;0;1;0;0;1;1;0;1;0;0;0;0;1;1;1;0;0;3;2;;;"";"";"";0;0;0;0;0;0;0;0;1;0;0;1;0;0;0;1;"[LEER]";3;2;0;1;0;1;0;0;0;"Z9";1;"P"
68;"EL   24";"PE   06";1;1;1;1;0;1;0;0;1;0;1;1;1;1;1;1;1;1;1;1;3;1;2;2;"O5";"9S";"Z";0;1;0;0;1;0;0;0;0;0;0;0;0;0;0;1;"[LEER]";3;3;0;1;0;1;0;1;0;"Z9";2;"P"
69;"DA   06";"ST   29";1;1;0;0;0;0;0;0;1;0;1;1;1;0;1;0;1;0;0;0;3;2;;;"";"";".";0;0;0;0;0;0;0;0;1;0;1;0;0;0;0;1;"[LEER]";3;3;0;0;0;1;1;0;0;"ZZ";1;"P"
70;"SI   01";"RQ   18";1;0;1;0;0;0;0;0;1;0;1;1;1;0;0;1;1;1;0;0;1;1;1;2;"";"";"";0;1;1;0;0;0;1;0;0;0;0;0;0;0;0;1;"[LEER]";3;2;0;0;0;1;0;0;0;"ZR";1;"P"
71;"MA   02";"RE   29";1;1;0;0;0;1;0;1;0;0;1;0;1;1;0;0;1;1;0;0;3;1;1;1;"0";"1";"^O";0;1;1;0;0;0;0;1;0;0;0;0;0;0;0;1;"[LEER]";3;2;1;0;0;0;0;0;0;"ZZ";1;"P"
72;"TA   16";"KO   19";1;1;0;1;0;0;0;0;1;1;1;1;1;1;1;0;1;0;0;0;3;2;;;"";"";"";0;0;0;0;0;0;0;0;0;0;1;0;0;0;1;1;"[LEER]";5;4;0;0;1;0;0;1;0;"RZ";2;"P"
73;"UR   20";"GE   18";1;1;0;0;0;1;0;0;1;0;1;1;0;0;0;0;1;0;0;0;3;1;1;1;"OOO";"OOO";"19O";0;1;0;0;1;0;0;0;0;0;0;0;0;0;0;1;"[LEER]";3;2;1;0;0;0;0;0;0;"Z1";1;"P"
74;"XX   99";"XX   99";1;1;1;0;0;1;0;0;1;0;1;1;1;0;0;0;1;1;0;0;1;1;1;2;"";"";"";0;1;0;0;0;1;1;0;0;0;0;0;0;0;0;1;"[LEER]";3;2;0;0;0;0;0;0;0;"99";1;"P"
75;"BE   17";"ZA   19";1;1;0;1;0;0;1;0;1;0;1;0;0;0;0;0;0;0;1;0;1;2;;;"";"";"";0;0;0;0;0;1;0;0;0;0;0;0;0;0;1;1;"[LEER]";;3;0;1;0;1;0;0;0;"ZB";2;"P"
76;"CL   01";"HE   25";1;1;0;0;0;0;0;0;1;0;1;1;1;0;0;1;1;0;0;0;3;2;;;"";"";"";0;0;0;0;0;0;0;0;1;0;0;0;0;0;0;1;"[LEER]";4;4;1;0;0;0;0;0;0;"ZZ";2;"P"
77;"MA   04";"AN   07";1;1;0;0;0;0;0;0;1;0;1;1;1;0;0;0;1;0;1;0;3;2;;;"";"";"";0;0;0;0;0;0;0;0;1;0;0;0;0;0;0;1;"[LEER]";3;2;0;1;0;0;1;0;0;"ZZ";1;"P"
78;"AN   06";"SE   20";1;1;0;1;1;1;1;1;1;0;1;1;1;0;0;1;1;1;1;0;3;1;1;2;"OIO";"O,4";"^IO";1;1;1;0;1;1;1;0;0;0;0;0;0;0;0;1;"[LEER]";2;2;0;0;0;1;1;0;0;"";2;"P"
79;"KI   06";"TH   25";1;1;0;0;0;1;1;0;1;0;1;1;0;0;1;1;0;1;1;0;2;1;1;1;"";"";"Z5";0;1;0;0;0;1;1;0;0;0;0;0;0;0;0;1;"[LEER]";4;4;1;0;0;0;0;0;0;"ZS";2;"P"
80;"EN   28";"ER   26";1;1;0;0;0;0;1;0;1;0;1;1;1;0;0;0;1;0;1;0;1;2;;;"";"";"";0;0;0;0;0;0;0;0;0;0;1;0;0;0;1;1;"[LEER]";3;3;0;0;1;1;1;0;0;"Z4";1;"P"
81;"MO   11";"MA   20";1;1;0;0;1;1;0;1;1;1;1;1;1;0;0;1;1;1;0;0;1;1;1;2;"OI5";"OOO";"OO1";0;1;1;0;0;1;0;0;0;0;0;0;0;0;0;1;"[LEER]";3;3;1;0;0;0;0;0;0;"Z4";1;"P"
82;"JR   28";"MA   23";1;0;1;0;0;1;0;1;1;0;1;1;1;0;0;1;1;1;0;0;3;1;1;2;"OO^";"OO1";"OOZ";0;0;1;0;0;0;0;1;0;0;0;0;0;0;0;1;"[LEER]";3;3;0;0;0;0;1;0;0;"Z1";1;"P"
83;"DA   03";"MI   30";1;1;1;0;1;1;0;1;1;0;1;1;1;1;1;1;1;1;1;1;3;1;1;2;"O";"O";"1";1;1;0;0;0;0;1;0;0;0;0;0;0;0;0;1;"[LEER]";3;3;0;0;1;1;1;0;0;"ZZ";1;"P"
84;"KA   12";"MA   06";1;1;0;0;0;1;0;0;1;0;1;1;0;0;0;1;1;0;0;0;2;1;1;2;"1";"0,5";"";0;1;0;0;0;1;0;0;0;0;0;0;0;0;0;1;"[LEER]";4;4;0;0;0;1;0;0;0;"ZZ";1;"P"
85;"JO   20";"MI   28";1;1;1;0;1;0;0;0;0;0;1;1;1;0;0;1;1;0;0;0;3;;;;"";"";"";0;0;0;0;0;0;0;0;1;0;0;0;0;0;0;1;"[LEER]";3;2;0;0;0;0;0;0;0;"Z4";2;"P"
86;"YE   26";"ME   01";1;1;1;0;0;1;1;0;1;0;1;1;0;0;0;1;1;1;1;0;3;1;1;1;"OOO";"OOO";"015";0;1;0;0;0;0;1;0;0;0;0;0;0;0;0;1;"[LEER]";3;3;1;0;0;0;0;0;0;"Z4";1;"P"
87;"CL   28";"FR   01";1;1;0;0;0;0;1;1;1;0;1;0;0;0;0;0;0;0;1;0;3;1;2;1;"O";"O";"15";0;1;0;0;1;0;0;1;1;0;0;0;0;1;0;1;"[LEER]";2;2;1;0;0;0;0;0;0;"ZO";2;"P"
88;"SA   11";"WO   14";1;0;1;0;0;0;0;1;1;1;1;1;1;0;0;0;1;0;0;0;2;2;;;"";"";"";0;0;0;0;0;0;0;0;1;0;1;1;0;0;0;1;"[LEER]";3;2;0;1;0;0;1;0;0;"ZZ";1;"P"
89;"TA   06";"GE   14";1;1;0;0;0;1;1;1;1;0;1;1;0;0;1;1;0;1;1;0;3;1;1;1;"O";"O";"Z";0;1;0;0;0;1;0;0;0;0;0;0;0;0;0;1;"[LEER]";4;3;0;0;1;1;0;0;0;"23";2;"P"
90;"SA   06";"PI   15";1;1;0;0;0;0;1;0;1;0;1;1;1;0;0;0;1;1;1;0;3;2;;;"";"";"";0;0;0;0;0;0;0;0;0;0;0;0;0;1;0;1;"[LEER]";3;4;0;0;1;0;1;0;0;"ZZ";2;"P"
91;"EL   09";"GO   30";1;0;1;0;0;1;1;0;1;0;1;1;1;0;1;1;1;1;1;0;3;1;1;1;"^";"O";"006";0;1;1;0;0;1;0;1;0;0;0;0;0;0;0;1;"[LEER]";3;3;0;0;1;0;0;0;0;"Z4";1;"P"
92;"AN   30";"GU   20";1;1;1;0;0;0;1;1;1;0;1;1;1;0;0;1;1;0;0;0;3;2;;;"";"";"";0;0;0;0;0;0;0;0;0;0;1;0;0;1;1;1;"[LEER]";3;3;1;0;0;0;0;0;0;"Z1";2;"P"
93;"TH   10";"IG   24";1;0;1;0;0;0;0;0;0;0;1;1;1;0;0;0;1;0;1;0;3;2;;;"";"";"";0;0;0;0;0;0;0;0;0;0;0;0;0;0;1;1;"[LEER]";3;3;0;0;0;1;0;0;0;"ZZ";1;"P"
94;"CA   16";"WA   21";1;1;0;0;0;1;1;1;1;0;1;1;0;0;0;0;0;1;1;0;1;1;1;1;"1";"1";"15";0;1;1;0;0;1;1;1;0;0;0;0;0;0;0;1;"[LEER]";4;3;0;0;1;0;0;0;0;"ZJ";2;"P"
95;"GE   02";"FR   02";1;1;1;1;1;0;0;0;0;0;1;1;0;0;0;0;0;0;0;0;1;;;;"";"";"";0;0;0;0;0;0;0;0;0;0;0;0;0;0;0;;"[LEER]";3;3;1;0;0;0;0;0;0;"";1;"P"
96;"RE   03";"PE   11";1;1;0;0;0;1;1;0;1;0;1;1;0;0;0;0;0;1;1;0;3;1;1;1;"OO^";"OO^";"OZO";0;1;0;0;0;1;0;0;0;0;0;0;0;0;0;1;"[LEER]";4;3;0;0;1;0;0;0;0;"ZZ";2;"P"
97;"MA   11";"JO   23";1;1;0;0;1;1;1;1;1;0;2;1;1;0;1;1;1;0;0;0;3;2;;;"";"";"";0;0;0;0;0;0;0;0;1;1;1;0;0;0;0;1;"[LEER]";4;3;0;0;1;0;1;0;0;"Z1";1;"P"
98;"GI   16";"PE   01";1;0;0;0;0;0;0;0;1;0;2;0;1;1;1;0;1;0;0;0;3;2;;;"";"";"";0;0;0;0;0;0;0;0;0;0;0;0;0;0;0;;"[LEER]";3;;0;0;0;0;0;0;0;"ZZ";1;"P"
99;"DA   06";"GU   15";1;0;1;1;0;1;0;0;0;0;1;1;0;0;0;0;0;1;0;0;2;1;1;1;"O";"O";"Z";1;1;1;0;0;0;1;0;0;0;0;0;0;0;0;1;"[LEER]";4;4;0;0;0;0;0;1;0;"Z1";1;"P"
100;"KE   11";"MA   21";1;1;0;0;0;1;1;0;1;1;1;1;0;0;0;1;1;1;0;0;3;1;1;2;"0,5";"O";"ZO";0;0;0;0;0;0;1;1;0;0;0;0;0;0;0;1;"[LEER]";3;3;0;0;1;0;0;1;0;"Z6";1;"P"
101;"TA   18";"MA   22";1;1;0;0;0;0;0;0;1;1;1;1;1;0;1;1;1;0;0;0;3;2;;;"";"";"";0;0;0;0;0;0;0;0;1;0;0;0;0;0;0;1;"[LEER]";4;4;1;0;0;0;0;0;1;"ZZ";1;"P"
102;"MA   16";"HE   04";1;1;0;0;0;1;0;0;1;1;1;1;0;0;0;1;1;1;0;0;3;1;1;2;"OI^";"OI1";"1";0;1;0;0;0;0;0;1;0;0;0;0;0;0;0;1;"[LEER]";3;3;0;0;0;1;0;0;0;"ZZ";1;"P"
103;"JU   27";"RU   21";1;0;1;0;0;1;0;0;1;0;1;1;0;0;0;0;1;1;0;0;3;1;1;1;"O";"O";"^";0;0;1;0;0;0;0;1;0;0;0;0;0;0;0;1;"[LEER]";1;1;0;1;0;0;1;0;0;"Z6";1;"P"
104;"PE   03";"LU   29";1;1;0;0;0;1;0;0;1;0;1;1;1;0;0;1;1;0;0;0;1;1;1;3;"OIZ";"O\1";"Z";0;1;0;0;0;0;1;0;0;0;0;0;0;0;0;1;"[LEER]";2;2;0;0;0;1;0;0;0;"L4";1;"P"
105;"KE   15";"AL   13";1;1;0;0;0;0;0;0;1;0;1;1;0;0;1;0;0;0;0;0;3;2;;;"";"";"";0;0;0;0;0;0;0;0;0;1;0;1;0;0;0;1;"[LEER]";5;5;1;0;0;0;0;0;0;"ZZ";1;"P"
106;"CL   31";"RE   26";1;1;0;0;0;1;0;0;1;0;1;1;0;0;0;0;1;1;0;0;2;1;1;1;"OOO";"OOO";"O15";0;1;0;0;0;0;1;0;0;0;0;0;0;0;0;1;"[LEER]";2;2;1;0;0;0;0;0;0;"ZZ";1;"P"
107;"IR   20";"AN   05";1;1;0;1;0;0;0;1;1;1;1;1;0;0;0;1;1;0;0;0;3;2;;;"";"";"";0;0;0;0;0;0;0;0;0;0;0;0;0;0;1;1;"[LEER]";3;3;1;0;0;0;0;0;0;"ZZ";1;"P"
108;"TH   06";"WI   09";;1;0;0;0;0;1;1;1;0;1;1;1;0;0;0;1;1;1;0;3;2;;;"";"";"";0;0;0;0;0;0;0;0;1;0;0;0;0;0;0;1;"[LEER]";2;2;1;0;0;1;0;0;0;"ZZ";1;"P"
109;"VO   11";"WI   03";1;1;0;0;0;0;0;1;1;1;1;1;1;0;0;0;1;0;0;0;3;2;;;"";"";"";0;0;0;0;0;0;0;0;1;0;1;0;0;0;0;1;"[LEER]";3;4;0;0;0;0;0;0;0;"ZZ";2;"P"
110;"UL   05";"JU   15";1;1;0;0;0;0;0;0;1;1;1;1;0;0;1;0;1;0;0;0;3;2;;;"";"";"";0;0;0;0;0;0;0;0;0;0;0;1;0;0;0;1;"[LEER]";4;3;0;0;0;1;0;0;0;"ZZ";2;"P"
111;"ST   27";"KL   12";1;1;0;0;0;0;0;1;1;0;1;1;0;0;0;1;1;0;0;0;3;2;;;"";"";"";0;0;0;0;0;0;0;0;1;0;0;0;0;0;0;1;"[LEER]";3;2;0;0;1;1;1;0;0;"ZZ";1;"P"
112;"SI   14";"TH   25";1;1;0;0;1;0;1;1;1;0;1;1;0;0;0;0;0;0;1;0;3;2;;;"";"";"";0;0;0;0;0;0;0;0;0;0;0;0;0;1;0;1;"[LEER]";3;3;0;0;0;1;0;0;0;"ZZ";2;"P"
113;"NA   25";"MO   11";1;1;0;0;0;1;0;0;1;0;1;1;0;0;1;0;1;0;0;0;3;1;1;2;"";"";"";0;1;1;0;0;0;1;0;0;0;0;0;0;0;0;1;"[LEER]";;;0;0;0;1;1;0;0;"Z1";1;"P"
114;"MO   30";"PE   14";1;1;0;1;0;0;1;0;0;0;1;0;1;0;0;1;1;0;0;0;3;2;;;"";"";"";0;0;0;0;0;0;0;0;0;0;0;0;0;1;0;;"[LEER]";;;0;0;0;0;0;0;0;"";;"P"
115;"BI   10";"TA   10";1;1;0;0;1;1;0;1;1;0;1;1;0;0;0;1;1;1;0;0;3;1;1;1;"OZ";"O1";"OZ";1;0;1;0;0;1;1;1;0;0;0;0;0;0;0;;"[LEER]";3;3;0;0;1;0;1;0;0;"ZZ";1;"P"
116;"UT   17";"JO   14";1;1;0;0;0;0;0;0;1;1;1;1;0;0;0;1;1;1;0;0;3;2;;;"";"";"";0;0;0;0;0;0;0;0;0;0;0;0;0;0;1;1;"[LEER]";3;3;0;0;0;1;0;1;0;"ZZ";1;"P"
117;"IN   04";"ZE   12";1;1;0;0;0;0;1;1;1;0;1;0;0;0;0;0;0;0;1;0;3;;;;"";"";"";0;0;0;0;0;0;0;0;0;0;0;0;0;1;0;1;"[LEER]";4;4;1;0;0;0;0;0;0;"Z4";2;"P"
118;"GA   31";"UW   01";;1;0;0;0;0;0;0;1;0;1;1;1;0;0;0;1;1;0;0;3;2;;;"";"";"";0;0;0;0;0;0;0;0;1;0;0;0;0;0;0;1;"[LEER]";3;3;0;0;0;1;0;0;0;"Z8";2;"P"
119;"NI   11";"TH   28";1;1;0;1;1;1;1;0;1;0;1;1;0;0;0;0;0;0;0;0;3;1;1;2;"0";"O";"O";0;1;0;0;0;0;1;0;0;0;0;0;0;0;0;1;"[LEER]";4;3;1;0;0;0;0;0;0;"Z1";2;"P"
120;"AN   09";"RA   01";1;1;0;0;0;0;0;1;1;0;1;1;0;0;0;1;1;0;0;0;3;2;;;"";"";"";0;0;0;0;0;0;0;0;1;0;0;0;0;1;0;1;"[LEER]";3;3;1;0;0;0;0;0;0;"ZZ";2;"P"
121;"AN   18";"WA   27";1;1;0;0;0;0;0;0;1;0;1;1;0;0;0;0;1;0;0;0;3;2;;;"";"";"";0;0;0;0;0;0;0;0;1;0;0;0;0;0;0;1;"[LEER]";3;3;1;0;0;0;0;0;0;"22";1;"P"
122;"RE   22";"MA   17";1;0;1;0;0;0;0;0;0;0;1;1;0;0;0;0;0;0;0;0;2;2;2;;"";"";"";0;0;0;0;0;0;0;0;0;0;0;0;0;0;0;2;"[LEER]";3;3;0;0;1;0;0;0;0;"Z6";2;"P"
123;"AN   23";"MA   07";1;1;0;0;0;0;0;0;1;0;1;1;0;0;0;1;1;0;0;0;1;2;;;"";"";"";0;0;0;0;0;0;0;0;0;1;1;1;0;0;0;1;"[LEER]";3;3;0;0;1;1;1;0;0;"Z4";2;"P"
124;"BE   05";"UW   20";1;1;0;0;0;0;0;0;0;1;1;0;0;0;0;0;1;0;0;0;3;2;;;"";"";"";0;0;0;0;0;0;0;0;0;0;1;0;0;0;0;1;"[LEER]";3;3;1;0;0;0;0;0;0;"ZZ";1;"P"
125;"DA   08";"CL   18";1;1;0;1;0;1;0;0;1;1;1;1;1;0;0;1;0;1;0;0;1;1;1;1;"OOO";"OOO";"006";1;1;1;0;0;0;1;1;0;0;0;0;0;0;0;1;"[LEER]";3;3;0;0;1;1;0;1;0;"Z4";1;"P"
126;"BR   11";"OL   30";1;1;0;0;1;1;0;0;1;0;1;1;1;0;1;1;1;1;0;0;3;1;1;1;"OI1";"OI1";"OO4";0;1;0;0;0;0;1;0;0;0;0;0;0;0;0;1;"[LEER]";3;2;1;0;0;0;0;0;0;"Z8";2;"P"
127;"EM   20";"IB   08";1;1;0;0;0;1;0;1;1;0;2;0;0;0;0;1;1;0;0;0;3;1;2;3;"S";"S";"^U";0;1;0;0;0;1;0;0;0;0;0;0;0;0;0;2;"[LEER]";2;1;0;1;0;1;1;0;0;"JO";2;"P"
128;"ME   18";"MA   03";1;0;1;0;0;0;0;0;1;1;1;1;0;0;0;1;1;0;0;0;3;2;;;"";"";"";0;0;0;0;0;0;0;0;0;0;1;1;0;0;0;;"[LEER]";3;3;0;0;1;0;0;0;0;"ZZ";1;"P"
129;"MA   22";"WO   12";1;1;0;0;0;1;0;0;1;0;1;1;1;0;0;0;1;1;0;0;3;1;1;2;"OO1";"OD1";"";0;1;0;0;1;0;0;0;0;0;0;0;0;0;0;1;"[LEER]";3;3;0;0;0;1;0;0;0;"Z5";1;"P"
130;"MA   27";"MA   12";1;1;0;0;1;0;0;1;1;0;1;1;1;0;0;1;1;0;0;0;3;2;;;"";"";"";0;0;0;0;0;0;0;0;1;0;0;0;0;0;0;1;"[LEER]";2;4;0;1;0;0;1;0;0;"Z9";2;"P"
131;"AM   10";"AH   10";;1;0;0;0;0;1;1;1;0;1;1;0;0;0;0;1;0;0;0;3;2;;;"";"";"";0;0;0;0;0;0;0;0;0;0;0;1;0;1;0;1;"[LEER]";2;3;0;1;0;0;0;0;0;"Z9";2;"P"
132;"RE   04";"WO   26";1;1;0;0;0;1;0;1;1;0;1;1;0;0;1;1;1;1;0;0;3;1;1;1;"DO1";"OOO";"002";0;1;1;0;0;1;0;1;0;0;0;0;0;0;0;1;"[LEER]";3;3;0;0;1;1;1;0;0;"Z4";2;"P"
133;"TZ   20";"ER   09";;1;0;0;0;0;1;0;1;0;1;1;0;0;1;0;1;0;1;0;3;2;;;"";"";"";0;0;0;0;0;0;0;0;0;0;0;0;0;1;0;2;"[LEER]";4;4;0;0;0;1;0;1;0;"ZZ";2;"P"
134;"BR   29";"AR   31";1;1;1;0;0;1;0;1;1;0;1;1;0;0;0;0;1;1;0;0;2;1;1;1;"OOO";"OOO";"OO^";0;1;0;0;0;1;0;1;0;0;0;0;0;0;0;1;"[LEER]";3;3;1;0;0;0;0;0;0;"Z1";1;"P"
135;"PA   10";"RO   07";1;1;0;0;0;1;0;0;1;0;1;1;1;0;0;0;1;1;0;0;1;1;1;2;"1";"O";"^";0;1;0;0;0;0;0;1;0;0;0;0;0;0;0;1;"[LEER]";3;2;0;0;0;1;0;0;1;"Z8";1;"P"
136;"XX   99";"XX   99";1;1;0;0;1;0;0;0;1;0;1;1;0;0;1;1;1;0;0;0;3;2;;;"";"";"";0;0;0;0;0;0;0;0;1;0;0;0;0;0;0;1;"[LEER]";1;1;0;0;0;1;1;0;0;"Z6";1;"P"
137;"AN   22";"RA   30";;1;1;0;0;0;0;1;1;0;1;1;1;0;0;0;1;1;0;0;1;2;;;"";"";"";0;0;0;0;0;0;0;0;1;0;0;0;0;0;0;1;"[LEER]";5;2;1;0;0;0;0;0;0;"Z5";2;"P"
138;"BE   30";"MA   19";1;1;0;0;0;1;1;1;1;0;1;1;1;0;0;1;1;1;1;0;3;1;1;1;"1";"1";"1O";0;1;1;0;0;1;0;0;0;0;0;0;0;0;0;1;"[LEER]";3;3;1;0;0;0;0;0;0;"Z1";1;"P"
139;"CL   20";"TH   01";1;1;0;0;0;0;0;1;1;0;1;0;1;0;0;0;0;0;0;0;3;2;;;"";"";"";0;0;0;0;0;0;0;0;1;0;0;0;0;0;0;1;"[LEER]";2;2;0;0;1;1;0;0;0;"ZZ";1;"P"
140;"BA   27";"KL   17";1;1;0;0;0;0;0;0;1;0;1;1;1;0;1;0;1;0;0;0;3;2;;;"";"";"";0;0;0;0;0;0;0;0;1;0;0;1;0;0;1;1;"[LEER]";3;3;0;0;1;1;0;0;0;"ZZ";1;"P"
141;"MA   29";"ST   21";1;1;0;0;0;0;0;0;0;1;1;1;1;0;0;1;1;0;0;0;3;2;;;"";"";"";0;0;0;0;0;0;0;0;0;0;0;0;0;1;0;1;"[LEER]";3;2;0;0;0;1;0;0;0;"ZZ";1;"P"
142;"XX   99";"XX   99";1;0;1;0;0;1;0;0;1;0;2;1;0;0;0;0;0;0;0;0;2;2;;;"";"";"";0;0;0;0;0;0;0;0;1;0;0;0;0;0;0;1;"[LEER]";2;1;1;0;0;0;0;0;0;"XX";;"P"
143;"OA   04";"DI   11";1;1;0;0;0;1;1;1;1;0;1;1;0;0;0;1;1;1;1;0;3;1;1;1;"0,5";"95";"5";0;1;1;0;0;1;0;0;0;0;0;0;0;0;0;1;"[LEER]";3;3;0;0;1;0;0;0;0;"ZZ";1;"P"
144;"AN   25";"TH   03";1;1;1;0;1;0;0;0;1;1;1;1;1;0;0;1;1;0;0;0;3;2;;;"";"";"";0;0;0;0;0;0;0;0;1;0;0;0;0;0;0;1;"[LEER]";3;3;0;0;1;1;0;1;0;"Z4";1;"P"
145;"MA   02";"OT   14";1;1;0;0;1;1;0;0;1;0;1;1;0;1;0;0;1;1;0;0;1;2;;;"";"";"";0;0;0;0;0;0;0;0;0;0;0;0;0;0;0;;"[LEER]";;;0;0;0;1;0;0;0;"Z1";1;"P"
146;"JO   29";"CA   09";1;1;1;0;0;0;0;0;1;0;1;1;1;0;1;1;0;0;0;0;3;2;1;3;"OOO";"OOO";"OOO";1;0;0;0;0;0;1;0;0;0;1;0;0;1;0;1;"[LEER]";3;3;0;0;1;0;0;0;0;"ZZ";1;"P"
147;"RI   12";"MA   24";1;1;0;1;0;0;0;1;1;0;1;1;1;0;0;1;1;0;1;0;3;2;;;"";"";"";0;0;0;0;0;0;0;0;1;0;0;0;0;0;0;1;"[LEER]";3;2;0;0;1;1;1;0;0;"Z1";1;"P"
148;"RE   12";"MI   01";1;1;0;0;0;0;1;1;1;0;1;1;1;0;0;0;1;0;1;0;1;2;;;"";"";"";0;0;0;0;0;0;0;0;0;0;0;0;0;1;0;;"[LEER]";4;4;0;0;1;0;1;0;0;"Z4";1;"P"
149;"TI   17";"ST   01";1;0;1;0;0;1;0;0;1;0;1;1;0;0;0;0;1;0;0;0;3;1;;3;"";"";"";0;1;0;0;0;0;0;1;0;0;0;0;0;0;0;;"[LEER]";3;2;1;0;0;0;0;0;0;"ZZ";1;"P"
150;"PE   19";"KL   19";1;1;0;0;1;1;0;1;1;0;1;1;1;0;1;1;1;1;0;0;3;1;1;2;"1";"^";"4";1;1;1;0;0;0;1;1;0;0;0;0;0;0;0;1;"[LEER]";3;2;1;0;0;0;0;0;0;"Z4";1;"P"
151;"SX   05";"ED   07";1;1;0;0;1;0;1;0;1;0;1;1;0;0;0;0;0;0;0;0;1;2;;;"";"";"";0;0;0;0;0;0;0;0;0;0;0;1;0;0;0;1;"[LEER]";4;3;0;0;0;1;0;0;0;"22";1;"P"
152;"DO   07";"ST   22";1;0;0;0;0;0;0;0;0;1;1;0;1;0;1;0;1;0;0;0;2;2;;;"";"";"";0;0;0;0;0;0;0;0;1;0;0;0;0;0;0;1;"[LEER]";4;2;1;0;0;0;0;0;0;"ZZ";1;"P"
153;"MA   05";"AN   06";;1;1;0;0;0;0;1;1;0;1;1;1;1;1;1;1;0;0;0;;2;;;"";"";"";0;0;0;0;0;0;0;0;0;0;0;0;0;1;0;1;"[LEER]";3;3;0;0;1;1;0;0;0;"ZZ";1;"P"
154;"GA   08";"GU   15";1;1;0;0;0;1;1;1;1;0;1;1;1;1;1;1;1;1;1;1;3;1;1;3;"0,5";"O";"Z";0;0;1;0;0;0;1;1;0;0;0;0;0;0;0;1;"[LEER]";2;2;0;0;0;0;1;0;0;"ZZ";1;"P"
155;"AS   21";"RE   01";1;1;0;0;0;0;1;0;0;1;1;0;0;0;0;1;1;0;1;0;3;2;;;"";"";"";0;0;0;0;0;0;0;0;0;0;0;0;0;1;1;1;"[LEER]";5;4;0;0;1;1;0;0;0;"ZZ";1;"P"
156;"CL   17";"AN   21";1;1;0;0;0;0;0;0;1;0;1;0;1;0;0;1;1;0;0;0;3;2;;;"";"";"";0;0;0;0;0;0;0;0;0;0;0;0;0;0;0;1;"[LEER]";4;2;0;0;0;0;1;0;0;"ZZ";1;"P"
157;"AN   29";"BE   09";1;1;0;1;0;0;0;0;0;0;1;1;1;0;0;1;1;0;0;0;3;2;;;"";"";"";0;0;0;0;0;0;0;0;0;0;0;0;0;1;0;1;"[LEER]";3;4;0;0;1;0;1;0;0;"ZZ";1;"P"
158;"CL   13";"KO   06";1;1;0;0;0;1;0;1;1;0;1;1;0;0;0;1;1;0;0;0;3;1;1;1;"0,5";"^";"^O";0;1;0;0;0;0;1;0;0;0;0;0;0;0;0;1;"[LEER]";3;3;0;0;1;1;0;1;0;"ZY";1;"P"
159;"JO   12";"KL   01";1;1;1;0;0;1;0;0;1;1;1;1;0;0;0;0;1;0;0;0;3;1;2;3;"1";"1";"6";0;1;0;0;0;0;1;0;0;0;0;0;0;0;0;1;"[LEER]";4;3;1;0;0;0;0;0;0;"30";2;"P"
160;"IS   99";"LO   25";1;1;0;0;0;0;0;0;1;0;1;1;0;0;0;0;1;0;0;0;3;2;;;"";"";"";0;0;0;0;0;0;0;0;1;0;1;0;0;0;0;1;"[LEER]";2;2;0;1;0;0;1;0;0;"22";2;"P"
161;"AN   17";"WA   16";1;0;1;0;1;1;0;1;0;1;1;1;0;0;0;1;1;1;0;0;3;1;1;2;"O,5";"0,5";"Z";0;1;1;0;1;0;1;0;0;0;0;0;0;0;0;1;"[LEER]";3;3;0;0;0;1;0;1;0;"ZO";1;"P"
162;"IN   22";"KA   28";1;1;0;0;0;0;0;1;1;0;1;1;1;0;0;0;1;0;0;0;3;2;;;"";"";"";0;0;0;0;0;0;0;0;0;1;0;0;0;0;0;2;"[LEER]";3;3;0;0;0;0;0;0;0;"Z9";2;"P"
163;"SI   29";"AR   23";1;0;1;0;0;1;0;0;0;0;1;1;0;0;1;0;0;0;0;0;3;1;1;3;",25";",25";"001";1;0;0;0;0;0;0;1;0;0;0;0;0;0;0;1;"[LEER]";2;2;0;0;0;1;0;0;0;"ZZ";2;"P"
164;"ES   21";"JO   29";1;1;0;0;0;1;0;1;1;1;1;1;1;0;1;1;1;1;1;0;3;1;1;1;"O";"O";"Z";1;0;1;0;0;1;0;1;0;0;0;0;0;0;0;1;"[LEER]";3;3;0;0;1;0;0;0;0;"Z4";2;"P"
165;"AN   15";"HO   23";1;1;0;0;0;0;1;1;1;0;1;1;0;0;0;1;1;0;1;0;3;2;;;"";"";"";0;0;0;0;0;0;0;0;0;0;0;0;0;1;0;1;"[LEER]";3;3;0;0;0;1;0;1;0;"ZS";1;"P"
166;"HE   28";"UW   06";1;1;0;0;0;1;0;1;1;0;1;1;1;0;0;1;1;0;0;0;2;1;1;3;"O";"O";"1";0;1;1;0;0;0;0;1;0;0;0;0;0;0;0;1;"[LEER]";2;1;0;1;0;1;0;0;0;"Z5";1;"P"
167;"   ";"   ";;0;0;0;0;0;0;0;0;0;;0;0;0;0;0;0;0;0;0;;;;;"";"";"";0;0;0;0;0;0;0;0;0;0;0;0;0;0;0;;"[LEER]";;;0;0;0;0;0;0;0;"";;"P"
168;"PE   26";"OL   11";1;1;0;0;0;0;0;0;1;0;1;1;0;0;1;1;1;1;0;0;3;1;1;3;"OO^";"OOO";"OOZ";0;1;0;0;0;1;1;0;1;0;0;0;0;0;0;1;"[LEER]";3;3;1;0;0;0;0;0;0;"Z^";1;"P"
169;"AN   26";"JO   15";1;1;1;0;0;1;0;0;1;0;1;1;0;0;0;0;1;1;0;0;3;1;1;1;"1";"^";"Z";0;1;0;0;0;0;1;0;0;0;0;0;0;0;0;1;"[LEER]";3;3;0;0;1;0;0;0;0;"22";1;"P"
170;"SA   27";"AN   14";1;1;0;0;0;1;0;1;0;0;1;1;0;0;0;0;0;0;0;0;3;1;1;2;"CO1";"CO1";"CO1";0;1;0;0;1;0;0;0;0;0;0;0;0;0;0;;"[LEER]";2;2;0;0;0;1;0;0;0;"ZZ";2;"P"
171;"AL   99";"BO   99";;0;1;0;0;0;0;0;0;0;2;1;1;0;0;1;0;0;0;0;1;2;;;"";"";"";0;0;0;0;0;0;0;0;1;0;0;0;0;0;0;1;"[LEER]";3;3;0;1;0;1;0;0;1;"ZZ";2;"P"
172;"JU   22";"RO   11";1;1;0;0;0;1;1;1;1;0;1;1;1;0;0;1;1;1;1;0;3;1;1;1;"0";"1";"ZD";0;1;0;0;1;1;0;0;0;0;0;0;0;0;0;1;"[LEER]";4;2;0;0;0;1;1;0;0;"ZZ";1;"P"
173;"AN   17";"DI   03";1;1;0;0;0;1;0;0;1;0;1;1;0;0;0;1;1;1;0;0;2;1;1;2;"OO1";"OO1";"OOZ";0;1;1;0;0;0;1;0;0;0;0;0;0;0;0;1;"[LEER]";3;3;0;0;1;1;1;0;0;"ZZ";1;"P"
174;"SU   20";"FR   16";1;1;0;0;0;1;1;0;1;0;1;1;1;0;0;1;1;1;1;0;1;1;1;2;"0,2";"O";"^";0;0;1;0;0;1;0;1;0;0;0;0;0;0;0;1;"[LEER]";4;2;0;0;0;0;0;0;0;"ZU";1;"P"
175;"AN   15";"SE   27";1;1;0;0;0;1;0;0;1;0;1;1;0;0;0;1;1;1;0;0;3;1;1;2;"DDD";"OOO";"OO7";0;1;1;0;0;1;0;0;0;0;0;0;0;0;0;1;"[LEER]";3;3;0;0;0;1;0;0;0;"ZZ";1;"P"
176;"BI   26";"MA   25";;1;0;0;0;0;0;0;1;0;1;1;0;0;0;0;0;0;0;0;1;2;;;"";"";"";0;0;0;0;0;0;0;0;1;0;0;0;0;0;0;;"[LEER]";3;3;1;0;0;0;0;0;0;"Z4";1;"P"
177;"AS   26";"ER   31";1;0;1;0;0;1;0;1;1;0;;1;1;0;1;1;0;0;0;0;3;1;1;1;"0";"0";"005";0;1;0;0;0;1;0;0;0;0;0;0;0;0;0;1;"[LEER]";;;0;0;0;1;0;0;0;"Z5";1;"P"
178;"MA   16";"MA   13";1;1;1;0;0;1;1;0;1;0;1;1;0;0;0;0;1;0;0;0;3;1;1;1;"OOO";"OOO";"OO1";0;1;0;0;0;1;0;1;0;0;0;0;0;0;0;1;"[LEER]";3;3;0;0;1;1;0;0;0;"22";2;"P"
179;"AN   01";"PA   14";1;1;1;1;1;0;1;1;1;0;1;1;0;0;0;0;0;0;0;0;1;2;;;"";"";"";0;0;0;0;0;0;0;0;0;0;0;0;0;0;1;1;"[LEER]";3;3;1;0;0;0;0;0;0;"Z\";1;"P"
180;"OL   29";"RO   10";1;1;0;0;0;1;0;0;0;1;1;0;1;0;0;0;0;0;0;0;1;1;;1;"O/5";"OIZ";"1";0;1;0;0;0;1;0;0;0;0;0;0;0;0;0;1;"[LEER]";3;3;0;0;1;0;0;0;0;"ZC";1;"P"
181;"UL   11";"MA   26";1;1;0;0;0;1;1;1;1;0;1;1;0;0;0;1;1;1;1;0;1;1;1;1;"OOO";"OOO";"OO6";0;1;0;0;1;1;1;1;0;0;0;0;0;0;0;1;"[LEER]";2;2;0;0;0;1;1;0;0;"Z5";2;"P"
182;"DA   23";"ST   04";1;1;0;0;1;1;0;0;1;0;1;1;0;0;1;1;0;1;0;0;3;1;1;2;"OI5";"1";"Z";0;1;0;0;0;1;0;0;0;0;0;0;0;0;0;1;"[LEER]";3;2;0;0;0;0;1;0;0;"ZZ";1;"P"
183;"SA   22";"HI   20";1;1;0;0;0;0;0;0;1;0;1;0;0;0;0;0;0;0;0;0;3;2;;;"";"";"";0;0;0;0;0;0;0;0;0;0;0;0;0;0;0;;"[LEER]";;;0;0;0;0;0;0;0;"";;"P"
184;"SO   24";"RA   18";1;1;0;0;0;0;1;1;1;1;2;0;1;0;1;1;1;0;1;0;3;2;;;"";"";"";0;0;0;0;0;0;0;0;1;0;0;0;0;1;0;1;"[LEER]";4;4;0;0;0;0;0;0;0;"ZZ";1;"P"
185;"KA   11";"WO   06";1;1;0;1;0;1;1;0;1;0;1;1;0;0;1;0;1;0;0;0;2;1;1;3;"O";"1";"Z";0;1;1;0;0;0;0;1;0;0;0;0;0;0;0;1;"[LEER]";;4;0;0;1;0;0;1;0;"ZZ";1;"P"
186;"KA   29";"JO   28";1;1;0;0;0;1;1;1;1;0;1;1;0;0;0;0;1;0;1;0;3;1;1;1;"1";"OIS";"002";0;1;0;0;1;0;0;0;0;0;0;0;0;0;0;1;"[LEER]";3;3;0;1;0;0;0;0;0;"Z1";1;"P"
187;"JA   16";"TH   30";1;1;1;0;0;1;0;0;1;0;1;1;1;0;0;1;1;1;1;0;3;2;;;"";"";"";0;1;0;0;0;0;0;0;0;0;1;0;0;0;1;1;"[LEER]";3;3;0;0;1;1;0;0;0;"ZI";1;"P"
188;"AN   26";"DI   19";1;1;0;0;0;0;1;0;1;0;1;1;1;0;0;1;1;1;0;0;3;1;2;2;"OO1";"OOO";"OO1";0;1;0;0;0;1;0;0;0;0;0;0;0;0;0;1;"[LEER]";4;2;0;0;1;1;0;0;0;"ZZ";1;"P"
189;"YE   20";"MA   13";1;1;0;0;0;0;0;1;1;1;1;1;1;0;1;0;1;0;0;0;3;2;;;"";"";"";0;0;0;0;0;0;0;0;0;1;1;0;0;0;0;1;"[LEER]";3;3;0;0;0;0;0;1;0;"Z^";1;"P"
190;"IN   29";"MA   13";1;1;0;0;0;1;1;0;1;0;1;1;0;0;0;0;1;1;1;0;3;1;1;1;"O";"O";"1O";0;1;0;0;0;1;0;0;0;0;0;0;0;0;0;1;"[LEER]";5;3;0;0;0;0;0;0;0;"ZZ";2;"P"
191;"MO   02";"HA   16";1;1;0;1;0;1;0;0;1;0;1;1;0;0;0;1;1;1;1;0;3;1;1;1;"1";"^";"ZO";0;1;0;0;1;1;0;0;0;0;0;0;0;0;0;1;"[LEER]";3;3;0;0;1;1;0;0;0;"Z4";2;"P"
192;"SU   13";"GH   10";1;0;1;0;0;0;0;0;1;0;1;1;1;0;0;0;1;0;0;0;3;2;;;"";"";"";0;0;0;0;0;0;0;0;0;1;1;1;0;0;0;;"[LEER]";1;1;1;0;0;0;0;0;0;"Z1";2;"P"
193;"HE   24";"JU   17";;1;0;0;0;0;0;1;1;0;1;1;1;1;1;1;0;0;0;0;3;2;;;"";"";"";0;0;0;0;0;0;0;0;1;0;1;0;0;0;0;1;"[LEER]";;;1;0;0;0;0;0;0;"";;"P"
194;"SI   07";"WE   09";1;1;1;0;0;0;0;1;1;0;2;1;0;0;1;1;1;0;0;0;3;2;;;"";"";"";0;0;0;0;0;0;0;0;0;0;1;0;0;0;1;1;"[LEER]";4;4;0;0;1;1;0;0;0;"Z1";1;"P"
195;"MO   10";"HA   28";1;1;0;0;0;0;0;1;1;0;1;1;0;0;0;1;1;0;0;0;3;2;;;"";"";"";0;0;0;0;0;0;0;0;0;0;1;0;0;0;0;1;"[LEER]";4;3;0;0;1;0;0;0;0;"ZZ";1;"P"
196;"AN   13";"TN   20";1;0;1;0;0;0;0;0;1;0;1;1;1;0;0;1;0;0;0;0;3;2;;;"";"";"";0;0;0;0;0;0;0;0;1;0;0;0;0;0;0;;"[LEER]";4;3;0;0;1;1;0;0;0;"ZZ";1;"P"
197;"IR   18";"FR   05";1;1;0;0;0;0;0;0;1;1;1;1;0;0;1;0;1;1;0;0;3;2;;;"";"";"";0;0;0;0;0;0;0;0;1;0;1;0;0;0;0;;"[LEER]";3;3;0;0;1;1;1;0;0;"ZZ";1;"P"
198;"BR   26";"LY   27";1;1;0;0;0;1;0;0;1;0;1;1;0;0;0;0;1;0;0;0;3;1;2;3;"O,^";"0,1";"Z";0;1;0;0;0;0;0;1;0;0;0;0;0;0;0;1;"[LEER]";4;3;0;0;0;1;0;0;0;"Z^";1;"P"
199;"BI   01";"PE   30";1;0;1;0;0;1;1;1;1;0;1;1;1;0;0;1;1;1;1;0;3;1;1;1;"OO1";"OO1";"OOS";1;1;1;0;0;0;1;1;0;0;0;0;0;0;0;1;"[LEER]";3;3;0;1;0;0;1;0;0;"Z7";2;"P"
200;"JU   15";"BE   15";;1;0;0;1;1;1;1;1;0;1;1;1;0;0;1;1;1;1;0;3;1;1;1;"0,5";"Z";"Z";0;1;0;0;0;1;0;0;0;0;0;0;0;0;0;1;"[LEER]";4;4;0;0;1;1;0;0;0;"ZZ";1;"P"
201;"KI   11";"MA   01";1;1;0;0;0;1;1;1;1;1;1;1;0;0;0;1;1;1;1;0;3;1;1;1;"OOO";"OOO";"ZO";0;1;1;0;0;0;1;1;0;0;0;0;0;0;0;1;"[LEER]";5;4;0;0;1;0;0;1;0;"24";2;"P"
202;"EL   03";"GU   06";1;1;0;0;0;1;1;0;1;0;1;1;0;0;1;1;1;1;1;0;3;1;1;1;"9Z";"9Z";"95";0;1;1;1;0;1;0;1;0;0;0;0;0;0;0;1;"[LEER]";2;1;0;1;0;1;1;0;0;"Z9";1;"P"
203;"EU   17";"RO   12";1;0;1;0;0;1;0;0;1;0;1;1;1;1;0;0;0;0;0;0;3;1;1;1;"0,5";"0,5";"6";0;0;1;0;0;1;0;0;0;0;0;0;0;0;0;1;"[LEER]";4;3;0;0;0;1;1;0;0;"ZZ";1;"P"
204;"MA   21";"AX   04";1;1;0;0;1;0;0;0;1;1;1;1;1;0;0;0;0;0;0;0;3;2;;;"";"";"";0;0;0;0;0;0;0;0;0;1;0;1;0;0;0;1;"[LEER]";4;3;1;0;0;1;0;1;0;"ZZ";1;"P"
205;"XX   99";"XX   99";1;1;0;0;0;0;0;0;0;0;1;1;1;0;0;0;0;0;0;0;3;2;;;"";"";"";0;0;0;0;0;0;0;0;0;0;0;0;0;0;1;;"[LEER]";4;4;0;0;0;1;1;0;0;"25";1;"P"
206;"SA   06";"GU   08";1;1;0;1;1;0;0;0;0;0;1;1;1;0;1;1;0;0;0;0;3;2;;;"";"";"";0;0;0;0;0;0;0;0;0;0;0;0;0;1;1;1;"[LEER]";3;2;0;0;0;1;1;0;0;"ZZ";1;"P"
207;"ST   04";"TH   03";1;1;0;0;0;0;1;0;1;0;1;1;1;0;0;1;1;1;1;0;1;1;1;2;"O";"O";"001";0;1;0;0;0;0;1;0;0;0;0;0;0;0;0;1;"[LEER]";3;3;1;0;0;0;0;0;0;"Z5";1;"P"
208;"BI   31";"MA   13";1;1;0;0;1;1;1;1;1;0;1;1;0;0;0;1;1;1;1;0;1;1;1;1;"1";"O";"Z";0;1;0;0;0;0;1;0;0;0;0;0;0;0;0;;"[LEER]";3;3;0;0;1;1;0;0;0;"ZZ";2;"P"
209;"KA   28";"WA   01";;0;1;0;0;0;0;0;1;0;1;1;1;0;0;0;1;0;0;0;3;2;;;"";"";"";0;0;0;0;0;0;0;0;0;0;0;0;0;0;1;1;"[LEER]";3;2;0;0;0;0;0;0;0;"ZZ";1;"P"
210;"AL   14";"NI   18";1;1;0;0;0;0;0;0;1;0;1;1;0;0;1;0;1;0;0;0;2;2;;;"";"";"";0;0;0;0;0;0;0;0;0;0;0;0;0;0;1;1;"[LEER]";4;4;1;0;0;0;0;0;0;"Z4";2;"P"
211;"MA   27";"KA   24";2;1;0;0;0;1;0;1;1;0;1;1;1;0;0;1;1;1;0;0;3;1;1;3;"1";"Z";"003";0;1;0;0;0;1;1;0;0;0;0;0;0;0;0;1;"[LEER]";1;1;0;1;0;1;1;0;0;"Z4";2;"P"
212;"BI   03";"BE   26";1;1;0;0;0;0;1;0;1;0;1;1;1;0;0;0;1;0;0;0;3;2;;;"";"";"";0;0;0;0;0;0;0;0;1;0;1;0;0;0;0;1;"[LEER]";4;3;0;0;1;1;0;1;0;"ZZ";1;"P"
213;"AN   05";"GI   17";1;1;0;0;0;1;0;0;1;0;1;1;1;0;0;1;1;1;0;0;3;1;1;3;"I";"I";"I";0;1;0;0;0;1;0;0;0;0;0;0;0;0;0;1;"[LEER]";2;2;1;0;0;0;0;0;0;"Z4";2;"P"
214;"BI   04";"HE   19";1;1;1;0;0;0;0;0;1;0;1;1;0;0;0;0;0;0;0;0;1;2;;;"";"";"";0;0;0;0;0;0;0;0;1;0;0;0;0;0;0;1;"[LEER]";3;2;1;0;0;0;0;0;0;"33";2;"P"
215;"SA   22";"UL   14";1;1;0;0;1;0;0;0;1;0;1;1;0;0;0;0;1;0;0;0;3;2;;;"";"";"";0;0;0;0;0;0;0;0;0;1;0;0;0;0;0;1;"[LEER]";4;3;1;0;0;0;0;0;0;"ZZ";2;"P"
216;"AN   23";"RA   19";1;1;0;1;0;0;0;1;1;0;1;1;1;0;1;1;1;0;0;0;3;;;;"";"";"";0;0;0;0;0;0;0;0;1;0;0;0;0;0;0;1;"[LEER]";4;3;0;1;0;1;0;0;0;"ZZ";1;"P"
217;"FR   07";"GE   24";1;0;1;0;0;0;0;1;1;0;2;1;1;0;0;1;1;0;0;0;3;2;;;"";"";"";0;0;0;0;0;0;0;0;0;0;0;1;0;0;1;1;"[LEER]";4;2;0;0;0;0;1;0;0;"ZZ";2;"P"
218;"AL   22";"PE   12";1;1;0;0;0;1;0;0;1;1;1;1;1;0;1;1;1;1;1;0;3;1;1;2;"95";"O5";"Z";0;1;0;0;0;0;1;0;0;0;0;0;0;0;0;1;"[LEER]";2;1;0;0;0;1;1;0;0;"ZZ";1;"P"
219;"EV   25";"JO   15";1;1;0;0;0;1;1;0;1;1;1;0;1;0;1;1;1;1;1;1;3;1;1;2;"0,5";"OO1";"OOZ";0;1;1;0;0;1;0;0;0;0;0;0;0;0;0;1;"[LEER]";2;2;0;1;0;1;1;0;0;"ZY";1;"P"
220;"RI   14";"JO   25";1;0;1;0;1;0;0;1;1;0;1;1;0;0;1;0;1;0;0;0;3;2;;;"";"";"";0;0;0;0;0;0;0;0;0;0;0;1;0;1;0;1;"[LEER]";4;4;0;0;1;0;0;0;0;"Z1";1;"P"
221;"RA   01";"KH   09";1;1;0;0;0;0;0;0;0;0;1;1;0;0;0;0;0;0;0;0;1;2;2;;"";"";"";0;0;0;0;0;0;0;0;1;0;0;0;0;0;0;1;"[LEER]";3;3;0;0;1;0;0;0;0;"ZO";2;"P"
222;"BI   22";"RA   15";1;1;1;0;0;0;0;0;1;0;1;1;1;0;0;1;1;0;0;0;3;2;;;"";"";"";0;0;0;0;0;0;0;0;1;0;0;0;0;0;0;1;"[LEER]";3;2;1;0;0;0;0;0;0;"Z4";1;"P"
223;"JJ   29";"ST   04";1;0;1;0;0;0;0;1;1;1;1;1;1;0;0;1;1;0;0;0;3;2;;;"";"";"";0;0;0;0;0;0;0;0;1;0;0;0;0;0;0;1;"[LEER]";3;2;0;0;1;1;0;0;0;"ZZ";1;"P"
224;"CO   10";"JA   26";1;1;1;0;0;0;1;0;1;0;1;1;0;0;0;0;0;1;0;0;3;1;1;3;"0,5";"O";"Z";0;1;0;0;1;0;1;0;0;0;0;0;0;0;0;1;"[LEER]";3;2;0;0;1;1;0;0;0;"23";1;"P"
225;"VE   01";"ED   01";1;1;0;1;0;1;1;1;1;0;1;1;1;0;0;1;1;1;1;0;1;1;1;1;"0";"O";"ZO";1;1;0;0;1;1;1;1;0;0;0;0;0;0;0;1;"[LEER]";4;3;0;0;0;1;0;0;1;"4G";2;"P"
226;"BA   30";"LU   25";1;1;1;0;0;0;0;1;1;0;1;1;1;0;0;1;1;0;0;0;3;2;;;"";"";".";0;0;0;0;0;0;0;0;0;0;1;0;0;0;0;1;"[LEER]";3;3;0;0;0;1;0;1;0;"Z7";1;"P"
227;"NI   17";"FR   12";1;1;0;0;0;1;0;1;1;0;1;1;1;0;1;0;1;1;0;0;3;1;1;1;"OO1";"OO1";"OOZ";0;1;1;0;0;0;0;1;0;0;0;0;0;0;0;1;"[LEER]";3;3;0;0;1;1;1;0;0;"ZZ";2;"P"
228;"MO   04";"PA   12";1;1;0;0;0;0;0;1;1;1;1;1;1;0;0;1;1;0;0;0;1;2;2;;"";"";"";0;0;0;0;0;0;0;0;0;0;1;0;0;0;0;2;"[LEER]";3;3;0;0;1;1;0;0;1;"ZO";2;"P"
229;"SI   22";"RA   23";1;1;0;0;0;0;1;1;1;0;1;1;1;0;0;0;1;0;0;0;3;2;;;"";"";"";0;0;0;0;0;0;0;0;0;0;1;0;0;0;0;1;"[LEER]";3;4;0;0;1;1;1;0;0;"ZZ";2;"P"
230;"AY   05";"XX   99";1;1;0;0;0;0;0;1;1;0;1;1;0;0;0;0;1;0;0;0;3;2;;;"";"";"";0;0;0;0;0;0;0;0;1;0;1;1;0;0;0;1;"[LEER]";3;3;0;0;1;1;0;0;0;"Z5";2;"P"
231;"CH   27";"WI   14";1;1;0;1;0;0;0;1;1;0;1;1;0;0;0;0;0;0;0;0;3;2;;;"";"";"";0;0;0;0;0;0;0;0;0;0;1;0;0;0;1;1;"[LEER]";4;3;1;0;0;0;0;0;0;"ZZ";2;"P"
232;"CH   19";"MA   17";1;1;0;1;0;1;0;0;1;0;1;1;0;0;0;0;0;1;0;0;3;1;1;2;"1";"1";"0,5";1;0;0;0;0;1;0;0;0;0;0;0;0;0;0;1;"[LEER]";3;3;0;0;1;0;0;0;0;"Z4";1;"P"
233;"EL   25";"ST   10";1;1;0;0;0;1;0;1;1;0;1;0;1;0;0;1;1;0;0;0;1;1;2;2;"0,5";"0,5";"002";0;0;1;0;0;0;0;1;0;0;0;0;0;0;0;1;"[LEER]";3;3;0;1;0;1;0;0;0;"ZZ";1;"P"
234;"UR   23";"JO   11";1;1;0;0;0;1;0;0;1;0;1;0;0;0;0;1;1;0;0;0;2;1;1;2;"OOO";"OOO";"OOZ";0;1;1;0;0;0;0;1;0;0;0;0;0;0;0;1;"[LEER]";3;2;0;1;0;1;0;0;0;"Z1";2;"P"
235;"SA   03";"SI   03";;0;1;0;0;0;0;0;1;0;1;1;0;0;0;1;1;0;0;0;1;2;;;"";"";"";0;0;0;0;0;0;0;0;0;0;1;0;0;0;0;1;"[LEER]";4;4;0;1;0;1;1;0;0;"ZZ";2;"P"
236;"MA   07";"AH   09";1;1;0;0;0;1;0;0;0;0;1;1;1;0;0;0;1;1;0;0;3;;1;2;"9^";"9^";"^";0;1;0;0;1;0;0;0;0;0;0;0;0;0;0;1;"[LEER]";3;3;0;0;0;1;0;0;0;"Z6";1;"P"
237;"AN   06";"DA   18";1;0;1;0;0;0;0;1;1;0;1;1;1;0;1;1;1;0;0;0;3;2;;;"";"";"";0;0;0;0;0;0;0;0;0;0;1;1;0;0;0;1;"[LEER]";3;3;0;0;0;1;0;0;0;"ZZ";1;"P"
238;"AN   31";"DA   11";1;1;0;1;0;0;0;1;1;0;1;0;1;0;1;1;1;0;0;0;3;2;2;;"";"";"";0;0;0;0;0;0;0;0;1;1;0;0;0;0;0;1;"[LEER]";3;2;0;0;0;1;1;0;0;"Z1";2;"P"
239;"PE   26";"DI   20";1;1;0;1;0;0;0;0;1;0;1;0;1;0;0;0;1;0;0;0;3;2;;;"";"";"";0;0;0;0;0;0;0;0;1;0;0;0;0;0;0;1;"[LEER]";3;3;0;0;1;1;1;0;0;"Z^";2;"P"
240;"CA   14";"AL   01";;0;1;0;0;1;1;0;0;0;1;1;0;0;0;0;1;1;1;0;3;1;2;1;"0,1";"O1";"010";0;1;0;0;0;1;1;0;0;0;0;0;0;0;0;1;"[LEER]";3;3;0;0;1;1;0;0;0;"ZB";1;"P"
241;"CH   21";"SI   30";1;1;1;1;0;1;0;1;1;0;1;0;1;1;1;0;1;0;0;0;3;1;2;2;"95";"0,5";"Z";0;0;1;0;0;0;0;1;0;0;0;0;0;0;0;1;"[LEER]";1;1;0;0;1;0;1;0;0;"J4";1;"P"
242;"FR   16";"SI   03";1;0;1;0;0;1;0;1;1;0;;1;0;0;0;0;1;0;0;0;;;1;2;"OO^";"OO1";"OO1";0;0;1;0;0;1;0;1;0;0;0;0;0;0;0;1;"[LEER]";3;3;0;0;1;0;0;0;0;"Z9";2;"P"
243;"AN   02";"MA   01";1;1;0;0;0;0;0;0;1;0;1;0;0;0;0;0;1;0;0;0;1;2;;;"";"";"";0;0;0;0;0;0;0;0;1;0;0;1;0;0;0;1;"[LEER]";4;3;1;0;0;0;0;0;0;"ZO";1;"P"
244;"GI   21";"AL   17";1;1;1;1;0;0;0;0;1;0;1;1;0;0;0;0;0;0;0;0;3;2;;;"";"";"";0;0;0;0;0;0;0;0;1;0;0;0;0;0;0;1;"[LEER]";3;2;0;0;0;0;0;1;0;"Z4";2;"P"
245;"BA   03";"HE   20";1;1;1;0;0;0;0;0;1;0;1;1;1;0;0;0;1;1;0;0;3;2;;;"";"";"";0;0;0;0;0;0;0;0;1;0;0;1;0;0;0;1;"[LEER]";4;4;1;0;0;1;0;1;0;"ZZ";1;"P"
246;"FA   01";"RA   05";1;1;0;0;0;1;0;1;1;0;1;1;0;0;0;0;0;0;0;0;;;;;"";"";"";0;0;0;0;0;0;0;0;0;0;0;0;0;0;0;;"[LEER]";;;0;0;0;0;0;0;0;"";;"P"
247;"SA   18";"RU   04";1;0;1;0;0;0;1;0;0;1;1;1;0;0;0;1;1;1;1;0;2;1;1;1;"0,5";"1";"Z5";1;1;0;0;0;1;0;0;0;0;0;0;0;0;1;;"[LEER]";1;2;0;0;0;0;1;0;0;"Z5";1;"P"
248;"GR   29";"HA   03";1;1;1;0;0;0;0;0;0;0;1;1;1;1;1;0;0;0;0;0;3;2;;;"";"";"";0;0;0;0;0;0;0;0;1;0;0;0;0;0;0;1;"[LEER]";3;3;0;1;0;1;0;0;0;"Z4";2;"P"
249;"MA   05";"TH   25";1;1;0;1;1;0;1;1;1;0;1;1;1;0;0;1;1;0;1;0;1;1;2;3;"O";"O";"/OO";0;1;0;0;1;0;1;1;0;0;0;0;0;0;0;1;"[LEER]";5;2;0;0;0;1;0;0;0;"ZO";2;"P"
250;"HE   11";"RO   25";1;1;1;0;0;0;0;1;1;1;1;1;1;0;0;0;1;0;0;0;3;2;;;"";"";"";0;0;0;0;0;0;0;0;0;0;1;0;0;0;0;1;"[LEER]";4;4;0;0;0;0;1;0;0;"Z4";1;"P"
251;"BA   24";"JO   01";1;1;0;0;0;1;0;0;1;1;;1;1;0;0;1;0;1;0;0;3;1;1;;"O";"O";"Y";0;1;0;0;0;0;1;0;0;0;0;0;0;0;0;1;"[LEER]";3;2;0;0;1;1;0;0;0;"ZZ";1;"P"
252;"HE   10";"SI   26";1;1;1;0;0;1;0;1;1;0;1;1;1;0;0;0;1;1;0;0;3;2;;;"";"";"";0;0;0;0;0;0;0;0;1;0;1;0;0;0;0;1;"[LEER]";3;4;0;0;1;0;0;0;0;"ZZ";1;"P"
253;"SA   19";"LA   16";1;1;0;0;0;0;0;1;1;1;1;1;1;1;1;1;1;1;1;0;3;2;;;"";"";"";0;0;0;0;0;0;0;0;1;0;1;0;0;0;0;1;"[LEER]";3;3;0;0;1;0;0;1;0;"24";2;"P"
254;"AN   25";"HU   19";1;1;0;0;0;0;1;1;1;0;1;1;1;0;0;0;1;1;1;0;1;1;1;2;"OI5";"OI1";"1O";0;1;0;0;0;0;1;0;0;0;0;0;0;0;0;1;"[LEER]";3;3;0;0;0;1;1;0;0;"ZZ";1;"P"
255;"EU   25";"RO   03";;0;1;0;0;0;0;0;1;1;1;1;1;0;0;1;1;0;0;0;1;2;;;"";"";"";0;0;0;0;0;0;0;0;1;0;0;0;0;1;0;1;"[LEER]";3;2;0;0;1;1;0;1;1;"Z5";1;"P"
256;"SU   12";"OL   12";1;1;0;1;0;1;0;0;1;0;1;1;1;0;0;1;0;1;0;0;3;1;1;2;"Z";"95";"Z";0;1;0;0;0;0;1;0;0;0;0;0;0;0;0;1;"[LEER]";2;2;0;1;0;1;0;0;0;"Z6";2;"P"
257;"AN   28";"JO   31";1;1;0;0;0;1;0;0;0;0;1;1;1;1;0;1;1;1;1;0;3;1;1;1;"O1";"0,5";"ZD";0;1;0;0;0;0;1;0;0;0;0;0;0;0;0;1;"[LEER]";2;2;0;0;0;1;0;0;0;"42";1;"P"
